date,1#铜,A00铝,1#白银,铝合金ADC12,铸造铝合金锭(ZLD104)
2021-07-01,60840.707964601774,16557.522123893807,4778.761061946903,15486.725663716816,
2021-07-02,60283.18584070797,16513.274336283186,4761.061946902655,15486.725663716816,
2021-07-05,60752.21238938054,16893.805309734515,4853.982300884956,15575.221238938055,
2021-07-06,61831.85840707965,16902.65486725664,4853.982300884956,15663.716814159294,
2021-07-07,60716.814159292044,16681.41592920354,4787.610619469027,15663.716814159294,
2021-07-08,61000.00000000001,16646.017699115047,4756.637168141593,15663.716814159294,
2021-07-09,60796.46017699115,16690.265486725664,4752.212389380531,15663.716814159294,
2021-07-12,61548.672566371686,16849.557522123894,4796.460176991151,15840.707964601772,
2021-07-13,61530.97345132744,16964.601769911507,4814.159292035399,15929.203539823011,
2021-07-14,60946.90265486726,16920.353982300887,4756.637168141593,15929.203539823011,
2021-07-15,61035.3982300885,17044.24778761062,4809.734513274337,16106.194690265489,
2021-07-16,61690.26548672567,17176.991150442478,4831.858407079647,16194.690265486728,
2021-07-19,61318.58407079647,17097.345132743365,4685.840707964602,16194.690265486728,
2021-07-20,60539.82300884956,16840.70796460177,4637.168141592921,16194.690265486728,
2021-07-21,60805.30973451328,16893.805309734515,4561.946902654868,16194.690265486728,
2021-07-22,61061.946902654876,16876.106194690266,4650.442477876107,16194.690265486728,
2021-07-23,62141.592920353985,17088.49557522124,4668.141592920354,16283.185840707965,
2021-07-26,63079.646017699124,17362.83185840708,4672.566371681416,16460.176991150445,
2021-07-27,64345.13274336284,17283.185840707967,4632.743362831859,16460.176991150445,
2021-07-28,64061.946902654876,17132.74336283186,4592.920353982301,16460.176991150445,
2021-07-29,63584.07079646018,17247.78761061947,4685.840707964602,16460.176991150445,
2021-07-30,63584.07079646018,17548.672566371682,4725.66371681416,16548.672566371682,
2021-08-02,63584.07079646018,17522.12389380531,4707.9646017699115,16548.672566371682,
2021-08-03,62955.75221238939,17504.424778761062,4699.115044247788,16548.672566371682,
2021-08-04,62371.68141592921,17442.477876106197,4738.938053097346,16548.672566371682,
2021-08-05,61752.21238938054,17460.176991150445,4690.265486725664,16548.672566371682,
2021-08-06,61796.46017699115,17628.3185840708,4663.716814159293,16637.168141592923,
2021-08-09,61707.96460176992,17592.920353982303,4477.876106194691,16637.168141592923,
2021-08-10,61592.92035398231,17575.221238938055,4433.628318584071,16637.168141592923,
2021-08-11,62035.3982300885,17752.212389380533,4429.203539823009,16725.66371681416,
2021-08-12,62238.93805309735,17734.513274336285,4477.876106194691,16725.66371681416,
2021-08-13,62238.93805309735,17734.513274336285,4451.327433628319,16725.66371681416,
2021-08-16,62451.32743362832,17902.65486725664,4517.699115044248,16814.1592920354,
2021-08-17,62017.699115044255,17893.805309734515,4508.849557522124,16902.65486725664,
2021-08-18,61247.787610619474,17991.15044247788,4486.725663716815,16902.65486725664,
2021-08-19,60115.04424778761,17778.761061946905,4424.778761061947,16902.65486725664,
2021-08-20,59610.619469026555,17787.61061946903,4424.778761061947,16991.150442477876,
2021-08-23,60513.27433628319,18026.548672566372,4398.230088495576,17079.646017699117,
2021-08-24,61141.592920353985,18044.24778761062,4473.451327433629,17256.637168141595,
2021-08-25,61769.91150442478,18212.389380530974,4477.876106194691,17345.132743362832,
2021-08-26,61460.176991150445,18159.292035398234,4495.575221238939,17433.628318584073,
2021-08-27,61247.787610619474,18265.48672566372,4446.902654867257,17522.12389380531,
2021-08-30,62061.946902654876,18610.61946902655,4535.398230088496,17876.106194690266,
2021-08-31,62336.283185840715,18796.460176991153,4522.12389380531,18230.088495575223,
2021-09-01,61920.35398230089,18707.964601769912,4513.274336283186,18230.088495575223,
2021-09-02,61530.97345132744,18778.761061946905,4544.2477876106195,18318.584070796463,
2021-09-03,61530.97345132744,18876.106194690266,4513.274336283186,18407.0796460177,
2021-09-06,61831.85840707965,19141.592920353985,4650.442477876107,18672.566371681416,
2021-09-07,61690.26548672567,19203.53982300885,4663.716814159293,18761.061946902657,
2021-09-08,61407.07964601771,19256.637168141595,4588.495575221239,18849.557522123894,
2021-09-09,61053.09734513275,19672.566371681416,4522.12389380531,19203.53982300885,
2021-09-10,62061.946902654876,20053.097345132745,4535.398230088496,19557.522123893807,
2021-09-13,63194.69026548673,20716.814159292036,4477.876106194691,20353.982300884956,
2021-09-14,62486.72566371682,20256.637168141595,4469.026548672567,20353.982300884956,
2021-09-15,61725.66371681417,19681.41592920354,4477.876106194691,20088.49557522124,
2021-09-16,62504.424778761066,20106.19469026549,4477.876106194691,20265.48672566372,
2021-09-17,61752.21238938054,20123.893805309737,4292.0353982300885,20530.973451327434,
2021-09-22,61318.58407079647,20185.840707964602,4292.0353982300885,20619.469026548675,
2021-09-23,61159.29203539823,20628.3185840708,4265.486725663717,21150.44247787611,
2021-09-24,61283.18584070797,20283.185840707967,4274.336283185841,20973.45132743363,
2021-09-27,62026.54867256638,20292.03539823009,4269.911504424779,20973.45132743363,
2021-09-28,61619.46902654868,19893.805309734515,4261.061946902655,20796.460176991153,
2021-09-29,61159.29203539823,20203.53982300885,4243.362831858408,20796.460176991153,
2021-09-30,60982.30088495576,20035.398230088496,4075.2212389380534,20707.964601769912,
2021-10-08,61902.65486725664,20017.699115044248,4225.66371681416,20707.964601769912,
2021-10-11,61938.05309734514,20176.991150442478,4278.761061946903,20707.964601769912,
2021-10-12,62477.87610619469,20548.672566371682,4256.637168141593,20796.460176991153,
2021-10-13,62327.43362831859,20601.769911504427,4230.088495575222,20884.95575221239,
2021-10-14,63530.97345132744,20548.672566371682,4283.185840707965,20707.964601769912,
2021-10-15,65628.3185840708,20920.353982300887,4389.380530973452,20796.460176991153,
2021-10-18,67584.07079646019,21318.584070796463,4371.681415929204,21061.94690265487,
2021-10-19,67132.74336283187,21451.32743362832,4362.83185840708,21238.938053097347,
2021-10-20,65238.93805309735,20442.477876106197,4380.530973451328,20707.964601769912,
2021-10-21,66743.36283185841,20646.017699115047,4482.300884955753,20707.964601769912,
2021-10-22,64929.203539823015,19380.53097345133,4393.805309734514,19823.008849557526,
2021-10-25,64451.32743362832,19168.141592920354,4420.353982300885,19469.02654867257,
2021-10-26,64407.07964601771,18451.32743362832,4424.778761061947,19203.53982300885,
2021-10-27,63805.30973451328,18115.044247787613,4327.433628318585,18849.557522123894,
2021-10-28,62592.92035398231,17115.044247787613,4358.407079646018,18141.592920353985,
2021-10-29,63513.27433628319,17867.256637168142,4336.283185840708,18407.0796460177,
2021-11-01,63159.29203539823,17902.65486725664,4305.309734513275,18407.0796460177,
2021-11-02,63176.99115044248,17787.61061946903,4349.557522123894,18230.088495575223,
2021-11-03,62787.61061946903,17539.82300884956,4243.362831858408,18053.097345132745,
2021-11-04,63247.787610619474,17654.86725663717,4283.185840707965,18053.097345132745,
2021-11-05,62415.92920353983,16495.575221238938,4327.433628318585,17345.132743362832,
2021-11-08,62831.85840707965,16681.41592920354,4411.504424778762,17433.628318584073,
2021-11-09,63061.946902654876,16761.061946902657,4424.778761061947,17433.628318584073,
2021-11-10,62646.01769911505,16371.681415929204,4402.654867256638,17168.141592920354,
2021-11-11,62646.01769911505,16628.3185840708,4491.150442477877,17256.637168141595,
2021-11-12,63292.035398230095,17176.991150442478,4579.646017699116,17522.12389380531,
2021-11-15,63398.230088495584,16964.601769911507,4530.973451327434,17433.628318584073,
2021-11-16,63681.41592920355,16761.061946902657,4544.2477876106195,17345.132743362832,
2021-11-17,63008.84955752213,16336.28318584071,4539.823008849558,17168.141592920354,
2021-11-18,62433.62831858408,16221.238938053099,4548.672566371682,17079.646017699117,
2021-11-19,64203.539823008854,16407.0796460177,4500.0,17345.132743362832,
2021-11-22,63805.30973451328,16752.212389380533,4469.026548672567,17345.132743362832,
2021-11-23,64318.58407079647,16964.601769911507,4420.353982300885,17433.628318584073,
2021-11-24,63725.66371681417,16920.353982300887,4296.460176991151,17345.132743362832,
2021-11-25,64265.48672566372,17106.19469026549,4318.584070796461,17433.628318584073,
2021-11-26,63460.176991150445,17008.849557522124,4296.460176991151,17345.132743362832,
2021-11-29,62584.07079646018,16637.168141592923,4274.336283185841,17256.637168141595,
2021-11-30,62530.97345132744,16681.41592920354,4190.265486725664,17256.637168141595,
2021-12-01,62203.539823008854,16699.11504424779,4141.592920353983,17256.637168141595,
2021-12-02,61982.30088495576,16725.66371681416,4084.0707964601775,17256.637168141595,
2021-12-03,61858.40707964602,16522.12389380531,4106.194690265487,17168.141592920354,
2021-12-06,62097.34513274337,16610.61946902655,4132.743362831859,17256.637168141595,
2021-12-07,61867.256637168146,16522.12389380531,4101.769911504425,17256.637168141595,
2021-12-08,61911.50442477877,16619.469026548675,4128.3185840707965,17345.132743362832,
2021-12-09,62053.09734513275,16530.973451327434,4101.769911504425,17256.637168141595,
2021-12-10,61876.10619469027,16601.769911504427,4053.0973451327436,17256.637168141595,
2021-12-13,61681.41592920355,16522.12389380531,4106.194690265487,17256.637168141595,
2021-12-14,61070.796460177,16858.40707964602,4119.469026548673,17433.628318584073,
2021-12-15,61106.19469026549,16884.95575221239,4075.2212389380534,17433.628318584073,
2021-12-16,60681.41592920355,16823.008849557522,4119.469026548673,17345.132743362832,
2021-12-17,61584.07079646018,17168.141592920354,4207.9646017699115,17522.12389380531,
2021-12-20,61309.73451327434,17336.283185840708,4176.991150442478,17610.61946902655,
2021-12-21,61504.424778761066,17176.991150442478,4159.292035398231,17433.628318584073,
2021-12-22,61610.619469026555,17300.884955752215,4216.814159292036,17522.12389380531,
2021-12-23,61938.05309734514,17743.36283185841,4256.637168141593,17610.61946902655,
2021-12-24,61929.203539823015,17769.91150442478,4247.787610619469,17610.61946902655,
2021-12-27,61831.85840707965,17513.274336283186,4252.212389380531,17522.12389380531,
2021-12-28,62318.58407079647,17486.725663716818,4247.787610619469,17522.12389380531,
2021-12-29,62265.48672566372,17637.168141592923,4234.513274336284,17522.12389380531,
2021-12-30,62159.29203539823,17823.008849557526,4203.53982300885,17522.12389380531,
2021-12-31,61955.75221238939,18017.699115044248,4247.787610619469,17610.61946902655,
2022-01-04,61849.5575221239,17796.460176991153,4190.265486725664,17522.12389380531,
2022-01-05,62539.82300884956,17973.45132743363,4212.3893805309735,17699.11504424779,
2022-01-06,62061.946902654876,18362.83185840708,4150.442477876107,17964.601769911507,
2022-01-07,61796.46017699115,18628.3185840708,4070.7964601769913,17964.601769911507,
2022-01-10,61991.15044247788,18787.61061946903,4070.7964601769913,17964.601769911507,
2022-01-11,61858.40707964602,19132.74336283186,4106.194690265487,18053.097345132745,
2022-01-12,62601.76991150443,19176.991150442478,4137.168141592921,18053.097345132745,
2022-01-13,64088.49557522125,19097.345132743365,4212.3893805309735,18053.097345132745,
2022-01-14,63292.035398230095,18725.66371681416,4190.265486725664,18053.097345132745,
2022-01-17,62451.32743362832,18646.017699115047,4168.141592920354,17964.601769911507,
2022-01-18,62415.92920353983,18752.212389380533,4190.265486725664,18053.097345132745,
2022-01-19,62389.38053097346,19150.44247787611,4274.336283185841,18141.592920353985,
2022-01-20,62796.46017699115,18911.504424778763,4362.83185840708,18053.097345132745,
2022-01-21,62964.60176991151,18884.95575221239,4438.053097345133,18053.097345132745,
2022-01-24,62672.56637168142,18690.265486725664,4380.530973451328,18053.097345132745,
2022-01-25,62044.24778761063,18725.66371681416,4318.584070796461,18053.097345132745,
2022-01-26,62274.33628318585,19106.19469026549,4327.433628318585,18230.088495575223,
2022-01-27,62433.62831858408,18973.45132743363,4256.637168141593,18230.088495575223,
2022-01-28,62477.87610619469,19150.44247787611,4150.442477876107,18318.584070796463,
2022-02-07,63017.699115044255,19707.964601769912,4168.141592920354,18318.584070796463,
2022-02-08,62672.56637168142,19893.805309734515,4207.9646017699115,18849.557522123894,
2022-02-09,62415.92920353983,20256.637168141595,4252.212389380531,19203.53982300885,
2022-02-10,63964.60176991151,20610.61946902655,4243.362831858408,19557.522123893807,
2022-02-11,64247.787610619474,20283.185840707967,4225.66371681416,19557.522123893807,
2022-02-14,63256.6371681416,19973.45132743363,4327.433628318585,19380.53097345133,
2022-02-15,63008.84955752213,20061.94690265487,4349.557522123894,19469.02654867257,
2022-02-16,63442.4778761062,19991.15044247788,4230.088495575222,19469.02654867257,
2022-02-17,63398.230088495584,20053.097345132745,4265.486725663717,19646.017699115047,
2022-02-18,63380.530973451336,20106.19469026549,4305.309734513275,19646.017699115047,
2022-02-21,63353.98230088496,19991.15044247788,4309.734513274337,19646.017699115047,
2022-02-22,63044.24778761063,20283.185840707967,4349.557522123894,19911.504424778763,
2022-02-23,63070.796460177,20088.49557522124,4376.1061946902655,19734.513274336285,
2022-02-24,62716.814159292044,20097.345132743365,4451.327433628319,19734.513274336285,
2022-02-25,62973.451327433635,20194.690265486726,4380.530973451328,19823.008849557526,
2022-02-28,62778.761061946905,20088.49557522124,4389.380530973452,19823.008849557526,
2022-03-01,62725.66371681417,19964.601769911507,4371.681415929204,19734.513274336285,
2022-03-02,63345.13274336284,20230.088495575223,4500.0,19823.008849557526,
2022-03-03,64256.6371681416,20849.557522123894,4482.300884955753,20088.49557522124,
2022-03-04,64601.76991150443,20752.212389380533,4469.026548672567,20088.49557522124,
2022-03-07,66415.92920353982,21123.893805309737,4623.893805309735,20353.982300884956,
2022-03-08,64619.46902654868,20097.345132743365,4500.0,19911.504424778763,
2022-03-09,64672.56637168142,19513.274336283186,4681.41592920354,19823.008849557526,
2022-03-10,63734.51327433629,19017.699115044248,4535.398230088496,19557.522123893807,
2022-03-11,63911.50442477877,19362.83185840708,4553.097345132744,19823.008849557526,
2022-03-14,63982.30088495576,19380.53097345133,4526.548672566372,19823.008849557526,
2022-03-15,63743.362831858416,19221.2389380531,4424.778761061947,19646.017699115047,
2022-03-16,63681.41592920355,19265.48672566372,4442.477876106195,19646.017699115047,
2022-03-17,64265.48672566372,19539.82300884956,4504.424778761062,19734.513274336285,
2022-03-18,64876.10619469027,19929.20353982301,4530.973451327434,19823.008849557526,
2022-03-21,65185.840707964606,20336.28318584071,4508.849557522124,20000.000000000004,
2022-03-22,65123.89380530974,20150.44247787611,4535.398230088496,20000.000000000004,
2022-03-23,65079.646017699124,20274.336283185843,4486.725663716815,19823.008849557526,
2022-03-24,65477.87610619469,20495.57522123894,4544.2477876106195,19823.008849557526,
2022-03-25,65380.530973451336,20345.132743362832,4628.3185840707965,19734.513274336285,
2022-03-28,64884.955752212394,20256.637168141595,4579.646017699116,19646.017699115047,
2022-03-29,65716.81415929204,20336.28318584071,4530.973451327434,19646.017699115047,
2022-03-30,65592.9203539823,20115.044247787613,4473.451327433629,19557.522123893807,
2022-03-31,65327.43362831859,20026.548672566372,4438.053097345133,19557.522123893807,
2022-04-01,65300.88495575222,20106.19469026549,4446.902654867257,19646.017699115047,22389.380530973453
2022-04-06,65530.97345132744,19893.805309734515,4393.805309734514,19646.017699115047,22300.884955752215
2022-04-07,65389.38053097346,19486.725663716818,4407.0796460177,19469.02654867257,22123.893805309737
2022-04-08,65380.530973451336,19283.185840707967,4446.902654867257,19469.02654867257,21681.41592920354
2022-04-11,65327.43362831859,18787.61061946903,4486.725663716815,19203.53982300885,21194.690265486726
2022-04-12,65415.92920353983,18451.32743362832,4539.823008849558,19026.548672566372,20840.70796460177
2022-04-13,66044.24778761063,18628.3185840708,4588.495575221239,18938.053097345135,20840.70796460177
2022-04-14,66061.94690265488,18982.300884955755,4623.893805309735,19026.548672566372,21017.699115044248
2022-04-15,66787.61061946904,19230.088495575223,4610.619469026549,19203.53982300885,21371.681415929204
2022-04-18,66893.80530973453,19283.185840707967,4685.840707964602,19203.53982300885,21371.681415929204
2022-04-19,67053.09734513274,19486.725663716818,4659.292035398231,19292.03539823009,21725.66371681416
2022-04-20,66274.33628318585,19247.78761061947,4557.522123893806,19203.53982300885,21548.672566371682
2022-04-21,66362.83185840708,19318.584070796463,4575.221238938054,19203.53982300885,21637.168141592923
2022-04-22,66486.72566371682,19292.03539823009,4504.424778761062,19203.53982300885,21637.168141592923
2022-04-25,65876.10619469028,18530.973451327434,4455.752212389381,18938.053097345135,20929.20353982301
2022-04-26,65495.57522123894,18345.132743362832,4429.203539823009,18938.053097345135,20663.716814159296
2022-04-27,65451.32743362832,18345.132743362832,4402.654867256638,18938.053097345135,20663.716814159296
2022-04-28,65610.61946902655,18442.477876106197,4340.70796460177,19026.548672566372,20663.716814159296
2022-04-29,65592.9203539823,18415.929203539825,4371.681415929204,19026.548672566372,20663.716814159296
2022-05-05,65353.98230088496,18336.283185840708,4380.530973451328,18938.053097345135,20486.725663716818
2022-05-06,64548.672566371686,17964.601769911507,4252.212389380531,18849.557522123894,20044.24778761062
2022-05-09,64247.787610619474,17495.575221238938,4274.336283185841,18495.57522123894,19601.769911504427
2022-05-10,63823.008849557526,17380.53097345133,4221.238938053098,18495.57522123894,19513.274336283186
2022-05-11,63884.955752212394,17796.460176991153,4163.716814159293,18495.57522123894,19778.761061946905
2022-05-12,63929.203539823015,17929.20353982301,4203.53982300885,18584.07079646018,19867.256637168142
2022-05-13,63088.49557522125,17787.61061946903,4106.194690265487,18495.57522123894,19690.265486725664
2022-05-16,63433.62831858408,18141.592920353985,4146.017699115045,18584.07079646018,20044.24778761062
2022-05-17,63920.35398230089,18061.94690265487,4199.115044247788,18584.07079646018,19955.752212389383
2022-05-18,63831.85840707965,18053.097345132745,4172.566371681416,18495.57522123894,19778.761061946905
2022-05-19,63584.07079646018,18150.44247787611,4159.292035398231,18584.07079646018,19778.761061946905
2022-05-20,63849.5575221239,18380.53097345133,4221.238938053098,18672.566371681416,20044.24778761062
2022-05-23,64115.04424778761,18442.477876106197,4207.9646017699115,18672.566371681416,20221.2389380531
2022-05-24,64256.6371681416,18238.938053097347,4172.566371681416,18495.57522123894,20044.24778761062
2022-05-25,64079.646017699124,18159.292035398234,4230.088495575222,18495.57522123894,19823.008849557526
2022-05-26,63725.66371681417,18141.592920353985,4203.53982300885,18407.0796460177,19734.513274336285
2022-05-27,64318.58407079647,18398.230088495577,4238.938053097346,18495.57522123894,19823.008849557526
2022-05-30,64407.07964601771,18353.982300884956,4230.088495575222,18407.0796460177,19823.008849557526
2022-05-31,64407.07964601771,18362.83185840708,4137.168141592921,18407.0796460177,19823.008849557526
2022-06-01,64053.09734513275,17867.256637168142,4119.469026548673,18141.592920353985,19292.03539823009
2022-06-02,64300.88495575222,18176.991150442478,4163.716814159293,18141.592920353985,19557.522123893807
2022-06-06,64964.60176991151,18433.628318584073,4234.513274336284,18230.088495575223,19823.008849557526
2022-06-07,64805.30973451328,18424.77876106195,4221.238938053098,18230.088495575223,19823.008849557526
2022-06-08,64654.867256637175,18398.230088495577,4225.66371681416,18230.088495575223,19823.008849557526
2022-06-09,64725.66371681417,18389.380530973453,4216.814159292036,18230.088495575223,19823.008849557526
2022-06-10,64442.477876106204,18141.592920353985,4141.592920353983,18053.097345132745,19557.522123893807
2022-06-13,63982.30088495576,17778.761061946905,4194.690265486726,17787.61061946903,19203.53982300885
2022-06-14,63557.52212389381,17619.469026548675,4097.345132743363,17787.61061946903,19115.044247787613
2022-06-15,63141.592920353985,17761.061946902657,4097.345132743363,17787.61061946903,19203.53982300885
2022-06-16,63203.539823008854,17849.557522123894,4163.716814159293,17787.61061946903,19292.03539823009
2022-06-17,62053.09734513275,17628.3185840708,4190.265486725664,17699.11504424779,18938.053097345135
2022-06-20,60946.90265486726,17460.176991150445,4141.592920353983,17610.61946902655,18761.061946902657
2022-06-21,60973.451327433635,17575.221238938055,4159.292035398231,17610.61946902655,18849.557522123894
2022-06-22,60424.778761061956,17495.575221238938,4119.469026548673,17610.61946902655,18938.053097345135
2022-06-23,58433.62831858407,17115.044247787613,4101.769911504425,17522.12389380531,18672.566371681416
2022-06-24,57000.00000000001,16946.90265486726,4017.699115044248,17345.132743362832,18407.0796460177
2022-06-27,57097.345132743365,16973.45132743363,4079.6460176991154,17345.132743362832,18407.0796460177
2022-06-28,56929.203539823015,17044.24778761062,4022.12389380531,17256.637168141595,18407.0796460177
2022-06-29,56946.90265486726,17141.592920353985,4013.274336283186,17168.141592920354,18407.0796460177
2022-06-30,56893.80530973452,17017.699115044248,3991.1504424778764,17168.141592920354,18407.0796460177
2022-07-01,55893.80530973452,16867.256637168142,3902.6548672566373,16991.150442477876,18230.088495575223
2022-07-04,54646.01769911505,16973.45132743363,3827.4336283185844,16991.150442477876,18318.584070796463
2022-07-05,54362.83185840709,16849.557522123894,3893.8053097345137,16902.65486725664,18318.584070796463
2022-07-06,51769.91150442478,16141.592920353984,3738.9380530973453,16725.66371681416,17699.11504424779
2022-07-07,51504.424778761066,16141.592920353984,3716.8141592920356,16548.672566371682,17699.11504424779
2022-07-08,53017.699115044255,16345.132743362834,3738.9380530973453,16548.672566371682,17699.11504424779
2022-07-11,51884.955752212394,16097.345132743365,3725.6637168141597,16283.185840707965,17522.12389380531
2022-07-12,51902.65486725664,15920.353982300887,3712.389380530974,16106.194690265489,17256.637168141595
2022-07-13,50159.29203539823,15575.221238938055,3694.690265486726,15929.203539823011,16902.65486725664
2022-07-14,49840.707964601774,15424.778761061949,3721.2389380530976,15840.707964601772,16814.1592920354
2022-07-15,48973.451327433635,15424.778761061949,3584.0707964601775,15752.212389380533,16814.1592920354
2022-07-18,49513.27433628319,15699.115044247788,3637.1681415929206,15752.212389380533,17079.646017699117
2022-07-19,49991.15044247788,15840.707964601772,3623.893805309735,15840.707964601772,17522.12389380531
2022-07-20,50176.99115044248,15823.008849557524,3646.0176991150447,15840.707964601772,17168.141592920354
2022-07-21,50000.00000000001,15787.610619469027,3632.7433628318586,15752.212389380533,17168.141592920354
2022-07-22,50619.46902654868,15911.504424778763,3685.840707964602,15752.212389380533,17256.637168141595
2022-07-25,51106.19469026549,15787.610619469027,3650.4424778761068,15663.716814159294,17168.141592920354
2022-07-26,52256.6371681416,15787.610619469027,3650.4424778761068,15575.221238938055,17168.141592920354
2022-07-27,52008.84955752213,15946.902654867257,3672.566371681416,15575.221238938055,17256.637168141595
2022-07-28,53221.2389380531,16247.78761061947,3792.035398230089,15663.716814159294,17522.12389380531
2022-07-29,53504.424778761066,16469.02654867257,3911.5044247787614,15929.203539823011,17787.61061946903
2022-08-01,54566.371681415934,16176.99115044248,3929.203539823009,15752.212389380533,17522.12389380531
2022-08-02,53575.22123893806,16079.646017699117,3955.752212389381,15752.212389380533,17345.132743362832
2022-08-03,53628.3185840708,16123.893805309735,3867.256637168142,15929.203539823011,17345.132743362832
2022-08-04,53256.6371681416,16283.185840707965,3902.6548672566373,16017.69911504425,17433.628318584073
2022-08-05,53539.82300884956,16398.230088495577,3933.628318584071,16106.194690265489,17522.12389380531
2022-08-08,54424.77876106195,16292.03539823009,3867.256637168142,16194.690265486728,17522.12389380531
2022-08-09,54601.76991150443,16353.982300884958,3991.1504424778764,16283.185840707965,17522.12389380531
2022-08-10,55061.946902654876,16637.168141592923,3973.4513274336286,16460.176991150445,17699.11504424779
2022-08-11,55477.87610619469,16646.017699115047,3969.0265486725666,16460.176991150445,17699.11504424779
2022-08-12,55814.1592920354,16522.12389380531,3938.053097345133,16548.672566371682,17699.11504424779
2022-08-15,55203.539823008854,16123.893805309735,4048.672566371682,16371.681415929204,17345.132743362832
2022-08-16,55345.13274336284,16035.398230088496,3938.053097345133,16371.681415929204,17079.646017699117
2022-08-17,55292.035398230095,16345.132743362834,3920.3539823008855,16548.672566371682,17345.132743362832
2022-08-18,55265.48672566372,16495.575221238938,3862.83185840708,16637.168141592923,17522.12389380531
2022-08-19,55769.91150442478,16292.03539823009,3805.3097345132746,16637.168141592923,17522.12389380531
2022-08-22,56389.38053097346,16433.628318584073,3778.761061946903,16725.66371681416,17610.61946902655
2022-08-23,56265.48672566372,16424.77876106195,3805.3097345132746,16725.66371681416,17610.61946902655
2022-08-24,56486.72566371682,16654.86725663717,3796.460176991151,16814.1592920354,17787.61061946903
2022-08-25,56176.99115044248,16690.265486725664,3831.8584070796464,16814.1592920354,17787.61061946903
2022-08-26,57088.49557522124,16681.41592920354,3809.7345132743367,16814.1592920354,17787.61061946903
2022-08-29,56584.07079646018,16778.761061946905,3752.2123893805315,16902.65486725664,17876.106194690266
2022-08-30,56061.946902654876,16415.929203539825,3765.486725663717,16814.1592920354,17522.12389380531
2022-08-31,55681.41592920355,16318.584070796462,3716.8141592920356,16814.1592920354,17433.628318584073
2022-09-01,54761.06194690266,16238.938053097347,3632.7433628318586,16814.1592920354,17433.628318584073
2022-09-02,53601.76991150443,16026.548672566374,3676.991150442478,16814.1592920354,17345.132743362832
2022-09-05,53973.451327433635,16300.884955752214,3703.53982300885,16902.65486725664,17610.61946902655
2022-09-06,54681.41592920355,16283.185840707965,3730.0884955752217,16991.150442477876,17610.61946902655
2022-09-07,54867.256637168146,16274.336283185843,3672.566371681416,16902.65486725664,17522.12389380531
2022-09-08,54849.5575221239,16327.433628318586,3752.2123893805315,16902.65486725664,17522.12389380531
2022-09-09,56610.619469026555,16637.168141592923,3792.035398230089,17168.141592920354,17787.61061946903
2022-09-13,56628.3185840708,16548.672566371682,3933.628318584071,17168.141592920354,17787.61061946903
2022-09-14,56044.24778761063,16477.876106194693,3876.106194690266,17079.646017699117,17699.11504424779
2022-09-15,56168.14159292036,16628.3185840708,3933.628318584071,17168.141592920354,17787.61061946903
2022-09-16,55743.36283185841,16699.11504424779,3880.530973451328,17168.141592920354,17964.601769911507
2022-09-19,56336.283185840715,16610.61946902655,3920.3539823008855,17168.141592920354,17876.106194690266
2022-09-20,56150.44247787611,16539.82300884956,3929.203539823009,17168.141592920354,17876.106194690266
2022-09-21,56088.49557522124,16407.0796460177,3907.0796460176994,17079.646017699117,17787.61061946903
2022-09-22,55920.35398230089,16513.274336283186,3951.327433628319,17079.646017699117,17787.61061946903
2022-09-23,55920.35398230089,16557.522123893807,4008.849557522124,17079.646017699117,17876.106194690266
2022-09-26,54646.01769911505,16336.28318584071,3893.8053097345137,16991.150442477876,17699.11504424779
2022-09-27,54610.619469026555,16168.141592920356,3840.70796460177,16814.1592920354,17433.628318584073
2022-09-28,54469.02654867257,15884.95575221239,3827.4336283185844,16814.1592920354,17168.141592920354
2022-09-29,55327.43362831859,16044.24778761062,3893.8053097345137,16814.1592920354,17256.637168141595
2022-09-30,55557.52212389381,16238.938053097347,3876.106194690266,16902.65486725664,17522.12389380531
2022-10-10,55973.451327433635,16460.176991150445,4044.24778761062,17168.141592920354,17787.61061946903
2022-10-11,57088.49557522124,16460.176991150445,4026.5486725663723,17168.141592920354,17787.61061946903
2022-10-12,56513.27433628319,16292.03539823009,3946.902654867257,17168.141592920354,17699.11504424779
2022-10-13,56743.362831858416,16353.982300884958,3942.4778761061953,17168.141592920354,17699.11504424779
2022-10-14,57637.16814159293,16557.522123893807,3915.9292035398234,17256.637168141595,17876.106194690266
2022-10-17,57477.87610619469,16362.83185840708,3871.681415929204,17168.141592920354,17699.11504424779
2022-10-18,56415.929203539825,16203.53982300885,3893.8053097345137,17079.646017699117,17522.12389380531
2022-10-19,55920.35398230089,16274.336283185843,3902.6548672566373,17079.646017699117,17522.12389380531
2022-10-20,55654.867256637175,16309.734513274338,3862.83185840708,17079.646017699117,17610.61946902655
2022-10-21,56716.814159292044,16504.424778761062,3893.8053097345137,17168.141592920354,17787.61061946903
2022-10-24,57230.088495575226,16504.424778761062,4022.12389380531,17168.141592920354,17787.61061946903
2022-10-25,57008.84955752213,16407.0796460177,4030.973451327434,17168.141592920354,17699.11504424779
2022-10-26,56707.96460176992,16495.575221238938,4066.3716814159297,17168.141592920354,17787.61061946903
2022-10-27,57283.18584070797,16442.477876106197,4048.672566371682,17168.141592920354,17787.61061946903
2022-10-28,57185.840707964606,16194.690265486728,4057.5221238938057,17079.646017699117,17610.61946902655
2022-10-31,56522.123893805314,15805.309734513276,3986.7256637168143,16902.65486725664,17168.141592920354
2022-11-01,57079.646017699124,15964.601769911505,4048.672566371682,16814.1592920354,17168.141592920354
2022-11-02,57513.27433628319,15911.504424778763,4097.345132743363,16814.1592920354,17168.141592920354
2022-11-03,57327.43362831859,16141.592920353984,4070.7964601769913,16902.65486725664,17345.132743362832
2022-11-04,57292.035398230095,16176.99115044248,4070.7964601769913,16902.65486725664,17345.132743362832
2022-11-07,58876.10619469027,16238.938053097347,4181.41592920354,16902.65486725664,17345.132743362832
2022-11-08,58752.21238938054,16345.132743362834,4243.362831858408,16902.65486725664,17345.132743362832
2022-11-09,59150.44247787611,16460.176991150445,4376.1061946902655,16991.150442477876,17522.12389380531
2022-11-10,59663.7168141593,16415.929203539825,4331.858407079646,16902.65486725664,17522.12389380531
2022-11-11,60805.30973451328,16592.920353982303,4393.805309734514,16991.150442477876,17699.11504424779
2022-11-14,60115.04424778761,16628.3185840708,4349.557522123894,16991.150442477876,17787.61061946903
2022-11-15,59646.01769911505,16628.3185840708,4384.95575221239,16991.150442477876,17787.61061946903
2022-11-16,59424.77876106195,16681.41592920354,4345.132743362832,17079.646017699117,17876.106194690266
2022-11-17,59035.3982300885,16796.460176991153,4340.70796460177,17079.646017699117,17964.601769911507
2022-11-18,58823.008849557526,17026.548672566372,4296.460176991151,17168.141592920354,18141.592920353985
2022-11-21,57911.50442477877,16805.309734513277,4247.787610619469,17079.646017699117,18053.097345132745
2022-11-22,57778.761061946905,16823.008849557522,4296.460176991151,17079.646017699117,18053.097345132745
2022-11-23,57938.05309734514,16787.61061946903,4278.761061946903,17079.646017699117,18053.097345132745
2022-11-24,58035.3982300885,16893.805309734515,4393.805309734514,17079.646017699117,18141.592920353985
2022-11-25,58141.592920353985,16831.858407079646,4384.95575221239,17079.646017699117,18053.097345132745
2022-11-28,57504.424778761066,16637.168141592923,4349.557522123894,16991.150442477876,17876.106194690266
2022-11-29,58132.74336283186,16964.601769911507,4353.982300884956,17168.141592920354,18141.592920353985
2022-11-30,57929.203539823015,16778.761061946905,4362.83185840708,17168.141592920354,18053.097345132745
2022-12-01,58814.1592920354,17061.94690265487,4495.575221238939,17256.637168141595,18230.088495575223
2022-12-02,58840.707964601774,17097.345132743365,4539.823008849558,17256.637168141595,18230.088495575223
2022-12-05,59628.3185840708,17265.48672566372,4685.840707964602,17256.637168141595,18407.0796460177
2022-12-06,59044.24778761063,17176.991150442478,4530.973451327434,17256.637168141595,18407.0796460177
2022-12-07,58893.80530973452,17185.840707964602,4482.300884955753,17256.637168141595,18407.0796460177
2022-12-08,58805.30973451328,17123.893805309737,4526.548672566372,17256.637168141595,18407.0796460177
2022-12-09,59300.88495575222,17044.24778761062,4632.743362831859,17256.637168141595,18318.584070796463
2022-12-12,58707.96460176992,16769.91150442478,4668.141592920354,17168.141592920354,18053.097345132745
2022-12-13,58610.619469026555,16752.212389380533,4694.690265486726,17079.646017699117,17964.601769911507
2022-12-14,59150.44247787611,16761.061946902657,4743.362831858408,17079.646017699117,17964.601769911507
2022-12-15,58619.46902654868,16743.36283185841,4712.3893805309735,17079.646017699117,17964.601769911507
2022-12-16,58247.787610619474,16672.566371681416,4597.345132743363,17079.646017699117,17876.106194690266
2022-12-19,58548.672566371686,16584.07079646018,4650.442477876107,17079.646017699117,17787.61061946903
2022-12-20,58203.539823008854,16548.672566371682,4615.044247787611,17079.646017699117,17787.61061946903
2022-12-21,58787.61061946903,16610.61946902655,4761.061946902655,17079.646017699117,17787.61061946903
2022-12-22,59185.840707964606,16654.86725663717,4756.637168141593,17079.646017699117,17876.106194690266
2022-12-23,58548.672566371686,16628.3185840708,4663.716814159293,17079.646017699117,17876.106194690266
2022-12-26,58805.30973451328,16601.769911504427,4690.265486725664,17079.646017699117,17876.106194690266
2022-12-27,58911.50442477877,16867.256637168142,4699.115044247788,17168.141592920354,18053.097345132745
2022-12-28,58743.362831858416,16787.61061946903,4734.513274336284,17168.141592920354,18053.097345132745
2022-12-29,58654.867256637175,16548.672566371682,4663.716814159293,17079.646017699117,17876.106194690266
2022-12-30,58548.672566371686,16530.973451327434,4738.938053097346,17079.646017699117,17876.106194690266
2023-01-03,58353.98230088496,16212.389380530974,4703.53982300885,16991.150442477876,17610.61946902655
2023-01-04,57814.1592920354,15946.902654867257,4716.814159292036,16902.65486725664,17256.637168141595
2023-01-05,56964.60176991151,15690.265486725666,4668.141592920354,16814.1592920354,16991.150442477876
2023-01-06,57725.66371681417,15663.716814159294,4557.522123893806,16814.1592920354,16991.150442477876
2023-01-09,58681.41592920355,15805.309734513276,4654.867256637169,16814.1592920354,17079.646017699117
2023-01-10,58946.90265486726,15920.353982300887,4592.920353982301,16991.150442477876,17256.637168141595
2023-01-11,59814.1592920354,15991.150442477878,4601.769911504425,16991.150442477876,17345.132743362832
2023-01-12,60646.01769911505,16123.893805309735,4575.221238938054,17079.646017699117,17433.628318584073
2023-01-13,60831.85840707965,16327.433628318586,4601.769911504425,17168.141592920354,17522.12389380531
2023-01-16,60796.46017699115,16336.28318584071,4694.690265486726,17168.141592920354,17522.12389380531
2023-01-17,60699.115044247796,16389.380530973453,4694.690265486726,17168.141592920354,17610.61946902655
2023-01-18,61787.61061946903,16495.575221238938,4659.292035398231,17168.141592920354,17699.11504424779
2023-01-19,61672.56637168142,16672.566371681416,4539.823008849558,17256.637168141595,17876.106194690266
2023-01-20,62053.09734513275,16787.61061946903,4641.592920353983,17345.132743362832,17964.601769911507
2023-01-30,61743.362831858416,16610.61946902655,4592.920353982301,17345.132743362832,17964.601769911507
2023-01-31,61628.3185840708,16575.221238938055,4610.619469026549,17345.132743362832,17787.61061946903
2023-02-01,61672.56637168142,16778.761061946905,4597.345132743363,17433.628318584073,17964.601769911507
2023-02-02,61292.035398230095,16814.1592920354,4685.840707964602,17433.628318584073,17964.601769911507
2023-02-03,60584.07079646018,16699.11504424779,4588.495575221239,17433.628318584073,17876.106194690266
2023-02-06,60371.68141592921,16592.920353982303,4424.778761061947,17433.628318584073,17787.61061946903
2023-02-07,60123.89380530974,16814.1592920354,4398.230088495576,17522.12389380531,17964.601769911507
2023-02-08,60415.92920353983,16858.40707964602,4402.654867256638,17522.12389380531,18053.097345132745
2023-02-09,60504.424778761066,16707.964601769912,4402.654867256638,17522.12389380531,17964.601769911507
2023-02-10,60451.32743362832,16442.477876106197,4345.132743362832,17433.628318584073,17699.11504424779
2023-02-13,60274.33628318585,16336.28318584071,4345.132743362832,17345.132743362832,17610.61946902655
2023-02-14,60716.814159292044,16353.982300884958,4349.557522123894,17345.132743362832,17610.61946902655
2023-02-15,61123.89380530974,16362.83185840708,4353.982300884956,17345.132743362832,17610.61946902655
2023-02-16,60601.76991150443,16309.734513274338,4336.283185840708,17345.132743362832,17610.61946902655
2023-02-17,61168.14159292036,16336.28318584071,4309.734513274337,17345.132743362832,17610.61946902655
2023-02-20,61194.69026548673,16539.82300884956,4340.70796460177,17433.628318584073,17787.61061946903
2023-02-21,61778.761061946905,16469.02654867257,4371.681415929204,17433.628318584073,17787.61061946903
2023-02-22,62274.33628318585,16477.876106194693,4398.230088495576,17433.628318584073,17699.11504424779
2023-02-23,62061.946902654876,16477.876106194693,4362.83185840708,17433.628318584073,17699.11504424779
2023-02-24,61415.92920353983,16353.982300884958,4353.982300884956,17433.628318584073,17610.61946902655
2023-02-27,60663.7168141593,16221.238938053099,4309.734513274337,17345.132743362832,17433.628318584073
2023-02-28,60743.362831858416,16221.238938053099,4296.460176991151,17345.132743362832,17433.628318584073
2023-03-01,61849.5575221239,16318.584070796462,4331.858407079646,17345.132743362832,17522.12389380531
2023-03-02,61911.50442477877,16398.230088495577,4318.584070796461,17345.132743362832,17610.61946902655
2023-03-03,61415.92920353983,16415.929203539825,4336.283185840708,17345.132743362832,17610.61946902655
2023-03-06,61353.98230088496,16345.132743362834,4380.530973451328,17345.132743362832,17610.61946902655
2023-03-07,61716.814159292044,16424.77876106195,4362.83185840708,17433.628318584073,17699.11504424779
2023-03-08,61008.84955752213,16345.132743362834,4203.53982300885,17433.628318584073,17610.61946902655
2023-03-09,61433.62831858407,16327.433628318586,4212.3893805309735,17433.628318584073,17610.61946902655
2023-03-10,61115.04424778761,16132.74336283186,4216.814159292036,17345.132743362832,17433.628318584073
2023-03-13,61150.44247787611,16123.893805309735,4318.584070796461,17345.132743362832,17433.628318584073
2023-03-14,60929.203539823015,16176.99115044248,4433.628318584071,17345.132743362832,17433.628318584073
2023-03-15,61132.74336283186,16212.389380530974,4438.053097345133,17345.132743362832,17433.628318584073
2023-03-16,59557.52212389381,16053.097345132745,4442.477876106195,17256.637168141595,17256.637168141595
2023-03-17,59646.01769911505,16070.796460176993,4424.778761061947,17256.637168141595,17256.637168141595
2023-03-20,59964.60176991151,16141.592920353984,4500.0,17256.637168141595,17256.637168141595
2023-03-21,59938.05309734514,16035.398230088496,4530.973451327434,17168.141592920354,17168.141592920354
2023-03-22,60398.230088495584,16026.548672566374,4522.12389380531,17168.141592920354,17168.141592920354
2023-03-23,60752.21238938054,16061.946902654869,4570.796460176992,17168.141592920354,17168.141592920354
2023-03-24,61327.43362831859,16212.389380530974,4588.495575221239,17168.141592920354,17256.637168141595
2023-03-27,61530.97345132744,16274.336283185843,4592.920353982301,17168.141592920354,17256.637168141595
2023-03-28,61831.85840707965,16451.32743362832,4597.345132743363,17256.637168141595,17433.628318584073
2023-03-29,61681.41592920355,16451.32743362832,4623.893805309735,17256.637168141595,17433.628318584073
2023-03-30,61681.41592920355,16433.628318584073,4628.3185840707965,17256.637168141595,17433.628318584073
2023-03-31,61725.66371681417,16513.274336283186,4694.690265486726,17256.637168141595,17522.12389380531
2023-04-03,61637.16814159293,16460.176991150445,4703.53982300885,17256.637168141595,17522.12389380531
2023-04-04,61380.530973451336,16442.477876106197,4712.3893805309735,17256.637168141595,17522.12389380531
2023-04-06,61026.54867256638,16469.02654867257,4893.805309734514,17256.637168141595,17522.12389380531
2023-04-07,61026.54867256638,16513.274336283186,4920.353982300885,17256.637168141595,17522.12389380531
2023-04-10,61070.796460177,16486.725663716818,4893.805309734514,17256.637168141595,17522.12389380531
2023-04-11,60858.40707964602,16265.486725663719,4893.805309734514,17079.646017699117,17345.132743362832
2023-04-12,61345.13274336284,16318.584070796462,5008.849557522124,17079.646017699117,17345.132743362832
2023-04-13,61504.424778761066,16371.681415929204,5030.973451327434,17079.646017699117,17433.628318584073
2023-04-14,62353.98230088496,16539.82300884956,5146.017699115045,17079.646017699117,17610.61946902655
2023-04-17,61946.90265486726,16592.920353982303,5013.274336283186,17168.141592920354,17699.11504424779
2023-04-18,61672.56637168142,16690.265486725664,4960.1769911504425,17168.141592920354,17787.61061946903
2023-04-19,61734.51327433629,16840.70796460177,4977.876106194691,17256.637168141595,17964.601769911507
2023-04-20,61566.371681415934,16911.504424778763,5008.849557522124,17256.637168141595,18053.097345132745
2023-04-21,61017.699115044255,16831.858407079646,4995.575221238939,17256.637168141595,17964.601769911507
2023-04-24,60699.115044247796,16734.513274336285,4960.1769911504425,17256.637168141595,17876.106194690266
2023-04-25,60513.27433628319,16663.716814159292,5000.000000000001,17168.141592920354,17787.61061946903
2023-04-26,59867.256637168146,16601.769911504427,4969.026548672567,17168.141592920354,17699.11504424779
2023-04-27,59053.09734513275,16433.628318584073,4964.601769911505,17079.646017699117,17610.61946902655
2023-04-28,59716.814159292044,16353.982300884958,4951.327433628319,16991.150442477876,17522.12389380531
2023-05-04,59637.16814159293,16380.530973451328,5110.619469026549,16902.65486725664,17522.12389380531
2023-05-05,59053.09734513275,16247.78761061947,5172.566371681416,16814.1592920354,17345.132743362832
2023-05-08,59539.82300884956,16345.132743362834,5092.920353982301,16814.1592920354,17433.628318584073
2023-05-09,59831.85840707965,16247.78761061947,5079.646017699116,16814.1592920354,17256.637168141595
2023-05-10,59743.362831858416,16274.336283185843,5092.920353982301,16814.1592920354,17256.637168141595
2023-05-11,59070.796460177,16221.238938053099,5066.37168141593,16725.66371681416,17168.141592920354
2023-05-12,57265.48672566372,15831.858407079648,4823.008849557523,16548.672566371682,16902.65486725664
2023-05-15,57309.73451327434,15955.752212389381,4823.008849557523,16548.672566371682,16991.150442477876
2023-05-16,57769.91150442478,16141.592920353984,4827.433628318585,16637.168141592923,17168.141592920354
2023-05-17,57345.13274336284,16274.336283185843,4774.336283185841,16637.168141592923,17256.637168141595
2023-05-18,58442.4778761062,16460.176991150445,4783.185840707965,16637.168141592923,17433.628318584073
2023-05-19,58132.74336283186,16398.230088495577,4774.336283185841,16548.672566371682,17345.132743362832
2023-05-22,58017.699115044255,16247.78761061947,4814.159292035399,16548.672566371682,17256.637168141595
2023-05-23,57884.955752212394,16247.78761061947,4796.460176991151,16548.672566371682,17256.637168141595
2023-05-24,56893.80530973452,16000.000000000002,4787.610619469027,16460.176991150445,17168.141592920354
2023-05-25,56592.92035398231,16017.69911504425,4681.41592920354,16371.681415929204,16991.150442477876
2023-05-26,56823.008849557526,16070.796460176993,4690.265486725664,16371.681415929204,17079.646017699117
2023-05-29,58300.88495575222,16247.78761061947,4738.938053097346,16460.176991150445,17256.637168141595
2023-05-30,58309.73451327434,16230.088495575223,4738.938053097346,16460.176991150445,17256.637168141595
2023-05-31,57911.50442477877,16185.840707964604,4738.938053097346,16460.176991150445,17256.637168141595
2023-06-01,58504.424778761066,16283.185840707965,4827.433628318585,16460.176991150445,17345.132743362832
2023-06-02,58690.26548672567,16424.77876106195,4884.95575221239,16548.672566371682,17433.628318584073
2023-06-05,58893.80530973452,16283.185840707965,4845.132743362832,16548.672566371682,17345.132743362832
2023-06-06,59539.82300884956,16185.840707964604,4853.982300884956,16460.176991150445,17256.637168141595
2023-06-07,59610.619469026555,16265.486725663719,4867.256637168142,16460.176991150445,17345.132743362832
2023-06-08,59619.46902654868,16389.380530973453,4876.1061946902655,16460.176991150445,17433.628318584073
2023-06-09,59654.867256637175,16504.424778761062,5000.000000000001,16460.176991150445,17522.12389380531
2023-06-12,59672.56637168142,16424.77876106195,5000.000000000001,16460.176991150445,17433.628318584073
2023-06-13,59743.362831858416,16283.185840707965,5004.424778761062,16371.681415929204,17345.132743362832
2023-06-14,60584.07079646018,16442.477876106197,4977.876106194691,16371.681415929204,17433.628318584073
2023-06-15,60513.27433628319,16389.380530973453,4915.929203539824,16283.185840707965,17345.132743362832
2023-06-16,61035.3982300885,16654.86725663717,4964.601769911505,16371.681415929204,17522.12389380531
2023-06-19,61274.33628318585,16619.469026548675,4982.300884955753,16371.681415929204,17522.12389380531
2023-06-20,61212.38938053098,16672.566371681416,4969.026548672567,16371.681415929204,17522.12389380531
2023-06-21,61752.21238938054,16672.566371681416,4853.982300884956,16371.681415929204,17522.12389380531
2023-06-26,61132.74336283186,16336.28318584071,4827.433628318585,16194.690265486728,17345.132743362832
2023-06-27,60911.50442477877,16371.681415929204,4827.433628318585,16194.690265486728,17345.132743362832
2023-06-28,60486.72566371682,16424.77876106195,4827.433628318585,16194.690265486728,17345.132743362832
2023-06-29,60300.88495575222,16415.929203539825,4831.858407079647,16194.690265486728,17345.132743362832
2023-06-30,60345.13274336284,16407.0796460177,4818.584070796461,16194.690265486728,17345.132743362832
2023-07-03,61345.13274336284,16433.628318584073,4853.982300884956,16283.185840707965,17345.132743362832
2023-07-04,61035.3982300885,16398.230088495577,4876.1061946902655,16283.185840707965,17345.132743362832
2023-07-05,60699.115044247796,16238.938053097347,4876.1061946902655,16194.690265486728,17256.637168141595
2023-07-06,60654.867256637175,16176.99115044248,4924.778761061947,16194.690265486728,17256.637168141595
2023-07-07,60407.07964601771,16115.044247787611,4840.70796460177,16194.690265486728,17168.141592920354
2023-07-10,60539.82300884956,16168.141592920356,4902.654867256638,16283.185840707965,17256.637168141595
2023-07-11,60619.46902654868,16141.592920353984,4915.929203539824,16283.185840707965,17256.637168141595
2023-07-12,60336.283185840715,16141.592920353984,4911.504424778762,16283.185840707965,17256.637168141595
2023-07-13,60991.15044247788,16318.584070796462,5061.946902654868,16371.681415929204,17433.628318584073
2023-07-14,61902.65486725664,16380.530973451328,5141.592920353983,16371.681415929204,17522.12389380531
2023-07-17,61530.97345132744,16230.088495575223,5119.469026548673,16283.185840707965,17345.132743362832
2023-07-18,60973.451327433635,16256.637168141595,5141.592920353983,16283.185840707965,17345.132743362832
2023-07-19,60778.761061946905,16194.690265486728,5234.513274336284,16283.185840707965,17256.637168141595
2023-07-20,60823.008849557526,16176.99115044248,5252.212389380531,16283.185840707965,17256.637168141595
2023-07-21,60831.85840707965,16194.690265486728,5181.41592920354,16283.185840707965,17256.637168141595
2023-07-24,60725.66371681417,16212.389380530974,5163.716814159293,16283.185840707965,17256.637168141595
2023-07-25,61008.84955752213,16221.238938053099,5128.3185840707965,16283.185840707965,17256.637168141595
2023-07-26,61318.58407079647,16238.938053097347,5154.867256637169,16283.185840707965,17256.637168141595
2023-07-27,61592.92035398231,16362.83185840708,5212.3893805309735,16460.176991150445,17345.132743362832
2023-07-28,61097.345132743365,16247.78761061947,5075.221238938054,16460.176991150445,17256.637168141595
2023-07-31,61858.40707964602,16256.637168141595,5084.070796460178,16460.176991150445,17256.637168141595
2023-08-01,62858.40707964602,16442.477876106197,5154.867256637169,16637.168141592923,17433.628318584073
2023-08-02,62115.04424778761,16407.0796460177,5123.893805309735,16725.66371681416,17433.628318584073
2023-08-03,61477.87610619469,16336.28318584071,5026.548672566372,16725.66371681416,17345.132743362832
2023-08-04,61920.35398230089,16398.230088495577,4991.150442477877,16725.66371681416,17345.132743362832
2023-08-07,61407.07964601771,16362.83185840708,5008.849557522124,16725.66371681416,17345.132743362832
2023-08-08,61247.787610619474,16345.132743362834,4955.752212389381,16725.66371681416,17345.132743362832
2023-08-09,60884.955752212394,16336.28318584071,4929.203539823009,16725.66371681416,17256.637168141595
2023-08-10,60911.50442477877,16398.230088495577,4902.654867256638,16814.1592920354,17256.637168141595
2023-08-11,60920.35398230089,16398.230088495577,4942.477876106195,16814.1592920354,17256.637168141595
2023-08-14,60460.176991150445,16256.637168141595,4933.628318584071,16725.66371681416,17168.141592920354
2023-08-15,60716.814159292044,16336.28318584071,4951.327433628319,16725.66371681416,17256.637168141595
2023-08-16,60513.27433628319,16451.32743362832,4969.026548672567,16725.66371681416,17345.132743362832
2023-08-17,60433.62831858407,16486.725663716818,4951.327433628319,16814.1592920354,17345.132743362832
2023-08-18,61070.796460177,16389.380530973453,4991.150442477877,16725.66371681416,17256.637168141595
2023-08-21,61088.49557522125,16460.176991150445,4942.477876106195,16725.66371681416,17256.637168141595
2023-08-22,60991.15044247788,16530.973451327434,5017.699115044248,16814.1592920354,17345.132743362832
2023-08-23,61486.72566371682,16699.11504424779,5061.946902654868,16902.65486725664,17522.12389380531
2023-08-24,61778.761061946905,16646.017699115047,5190.265486725664,16902.65486725664,17522.12389380531
2023-08-25,61451.32743362832,16654.86725663717,5163.716814159293,16902.65486725664,17522.12389380531
2023-08-28,61663.7168141593,16725.66371681416,5168.141592920355,16991.150442477876,17610.61946902655
2023-08-29,61646.01769911505,16734.513274336285,5176.991150442478,16991.150442477876,17610.61946902655
2023-08-30,61938.05309734514,16831.858407079646,5247.78761061947,17079.646017699117,17699.11504424779
2023-08-31,62097.34513274337,16955.752212389383,5256.637168141593,17168.141592920354,17787.61061946903
2023-09-01,62203.539823008854,17353.982300884956,5234.513274336284,17433.628318584073,18141.592920353985
2023-09-04,62318.58407079647,17185.840707964602,5203.53982300885,17345.132743362832,18053.097345132745
2023-09-05,61911.50442477877,17017.699115044248,5181.41592920354,17256.637168141595,17964.601769911507
2023-09-06,61955.75221238939,17088.49557522124,5150.442477876107,17256.637168141595,18053.097345132745
2023-09-07,61637.16814159293,17230.088495575223,5115.044247787611,17256.637168141595,18053.097345132745
2023-09-08,61327.43362831859,17150.44247787611,5119.469026548673,17256.637168141595,18053.097345132745
2023-09-11,61221.2389380531,17212.389380530974,5115.044247787611,17256.637168141595,18053.097345132745
2023-09-12,61628.3185840708,17274.336283185843,5137.168141592921,17345.132743362832,18053.097345132745
2023-09-13,61495.57522123894,17168.141592920354,5137.168141592921,17256.637168141595,17964.601769911507
2023-09-14,61530.97345132744,17185.840707964602,5216.814159292036,17256.637168141595,17964.601769911507
2023-09-15,61938.05309734514,17292.03539823009,5252.212389380531,17345.132743362832,18053.097345132745
2023-09-18,61672.56637168142,17150.44247787611,5176.991150442478,17256.637168141595,17964.601769911507
2023-09-19,61141.592920353985,17265.48672566372,5203.53982300885,17256.637168141595,17964.601769911507
2023-09-20,61070.796460177,17247.78761061947,5203.53982300885,17256.637168141595,17964.601769911507
2023-09-21,60893.80530973452,17389.380530973453,5194.690265486726,17345.132743362832,18053.097345132745
2023-09-22,60451.32743362832,17469.02654867257,5230.088495575222,17433.628318584073,18053.097345132745
2023-09-25,60380.530973451336,17451.32743362832,5247.78761061947,17433.628318584073,18053.097345132745
2023-09-26,60265.48672566372,17522.12389380531,5190.265486725664,17433.628318584073,18053.097345132745
2023-09-27,59858.40707964602,17495.575221238938,5159.292035398231,17433.628318584073,18053.097345132745
2023-09-28,59805.30973451328,17566.37168141593,5115.044247787611,17522.12389380531,18230.088495575223
2023-10-09,59884.955752212394,17327.433628318584,5013.274336283186,17433.628318584073,18053.097345132745
2023-10-10,59637.16814159293,17256.637168141595,5017.699115044248,17433.628318584073,18053.097345132745
2023-10-11,59309.73451327434,17141.592920353985,4991.150442477877,17345.132743362832,17964.601769911507
2023-10-12,59106.19469026549,17035.398230088496,5017.699115044248,17345.132743362832,17964.601769911507
2023-10-13,58920.35398230089,16849.557522123894,5008.849557522124,17256.637168141595,17876.106194690266
2023-10-16,58911.50442477877,16858.40707964602,5141.592920353983,17256.637168141595,17876.106194690266
2023-10-17,58690.26548672567,16725.66371681416,5128.3185840707965,17256.637168141595,17787.61061946903
2023-10-18,59168.14159292036,16840.70796460177,5176.991150442478,17256.637168141595,17876.106194690266
2023-10-19,58973.451327433635,16902.65486725664,5141.592920353983,17256.637168141595,17876.106194690266
2023-10-20,58991.15044247788,16884.95575221239,5168.141592920355,17256.637168141595,17876.106194690266
2023-10-23,58504.424778761066,16743.36283185841,5163.716814159293,17168.141592920354,17787.61061946903
2023-10-24,58867.256637168146,16725.66371681416,5154.867256637169,17168.141592920354,17787.61061946903
2023-10-25,59610.619469026555,16893.805309734515,5146.017699115045,17345.132743362832,17964.601769911507
2023-10-26,59256.6371681416,16840.70796460177,5159.292035398231,17256.637168141595,17964.601769911507
2023-10-27,59274.33628318585,16725.66371681416,5146.017699115045,17256.637168141595,17876.106194690266
2023-10-30,59955.75221238939,16964.601769911507,5194.690265486726,17345.132743362832,18053.097345132745
2023-10-31,60000.00000000001,16884.95575221239,5190.265486725664,17345.132743362832,18053.097345132745
2023-11-01,59831.85840707965,16929.20353982301,5106.194690265487,17345.132743362832,18053.097345132745
2023-11-02,60061.946902654876,16973.45132743363,5141.592920353983,17345.132743362832,18053.097345132745
2023-11-03,60292.035398230095,16964.601769911507,5115.044247787611,17345.132743362832,18053.097345132745
2023-11-06,60044.24778761063,16920.353982300887,5194.690265486726,17345.132743362832,18053.097345132745
2023-11-07,60230.088495575226,16964.601769911507,5154.867256637169,17345.132743362832,18141.592920353985
2023-11-08,60194.69026548673,17008.849557522124,5088.495575221239,17345.132743362832,18141.592920353985
2023-11-09,60044.24778761063,16955.752212389383,5088.495575221239,17345.132743362832,18141.592920353985
2023-11-10,60017.699115044255,16920.353982300887,5101.769911504425,17345.132743362832,18141.592920353985
2023-11-13,59787.61061946903,16654.86725663717,5035.398230088496,17168.141592920354,17876.106194690266
2023-11-14,60168.14159292036,16716.814159292036,5066.37168141593,17168.141592920354,17876.106194690266
2023-11-15,60318.58407079647,16805.309734513277,5154.867256637169,17168.141592920354,17876.106194690266
2023-11-16,60469.02654867257,16743.36283185841,5185.840707964602,17168.141592920354,17787.61061946903
2023-11-17,60486.72566371682,16646.017699115047,5221.238938053098,17168.141592920354,17699.11504424779
2023-11-20,60778.761061946905,16761.061946902657,5194.690265486726,17168.141592920354,17787.61061946903
2023-11-21,61203.539823008854,16814.1592920354,5176.991150442478,17168.141592920354,17876.106194690266
2023-11-22,60796.46017699115,16699.11504424779,5199.115044247788,17079.646017699117,17787.61061946903
2023-11-23,60654.867256637175,16637.168141592923,5176.991150442478,17079.646017699117,17699.11504424779
2023-11-24,60796.46017699115,16646.017699115047,5181.41592920354,17079.646017699117,17699.11504424779
2023-11-27,61000.00000000001,16716.814159292036,5433.628318584071,17079.646017699117,17787.61061946903
2023-11-28,60725.66371681417,16672.566371681416,5420.353982300885,17079.646017699117,17787.61061946903
2023-11-29,60938.05309734514,16610.61946902655,5495.575221238939,17079.646017699117,17787.61061946903
2023-11-30,60991.15044247788,16477.876106194693,5420.353982300885,17079.646017699117,17699.11504424779
2023-12-01,61460.176991150445,16504.424778761062,5477.876106194691,17079.646017699117,17699.11504424779
2023-12-04,61831.85840707965,16548.672566371682,5557.522123893806,17079.646017699117,17699.11504424779
2023-12-05,61150.44247787611,16415.929203539825,5340.70796460177,16991.150442477876,17522.12389380531
2023-12-06,60876.10619469027,16415.929203539825,5296.460176991151,16991.150442477876,17522.12389380531
2023-12-07,60442.4778761062,16353.982300884958,5278.761061946903,16991.150442477876,17522.12389380531
2023-12-08,60725.66371681417,16389.380530973453,5283.185840707965,16991.150442477876,17522.12389380531
2023-12-11,60955.75221238939,16265.486725663719,5185.840707964602,16991.150442477876,17345.132743362832
2023-12-12,60584.07079646018,16318.584070796462,5159.292035398231,16991.150442477876,17345.132743362832
2023-12-13,60504.424778761066,16327.433628318586,5168.141592920355,16991.150442477876,17345.132743362832
2023-12-14,60796.46017699115,16513.274336283186,5278.761061946903,17079.646017699117,17522.12389380531
2023-12-15,61115.04424778761,16601.769911504427,5305.309734513275,17168.141592920354,17699.11504424779
2023-12-18,60973.451327433635,16725.66371681416,5287.610619469027,17256.637168141595,17787.61061946903
2023-12-19,60778.761061946905,16761.061946902657,5296.460176991151,17256.637168141595,17787.61061946903
2023-12-20,61274.33628318585,16787.61061946903,5323.008849557523,17256.637168141595,17787.61061946903
2023-12-21,61238.93805309735,16778.761061946905,5340.70796460177,17345.132743362832,17787.61061946903
2023-12-22,61477.87610619469,16920.353982300887,5380.530973451328,17433.628318584073,17876.106194690266
2023-12-25,61345.13274336284,16876.106194690266,5340.70796460177,17433.628318584073,17876.106194690266
2023-12-26,61283.18584070797,16982.300884955755,5367.256637168142,17522.12389380531,17964.601769911507
2023-12-27,61309.73451327434,17061.94690265487,5384.95575221239,17610.61946902655,18053.097345132745
2023-12-28,61734.51327433629,17318.584070796463,5393.805309734514,17787.61061946903,18318.584070796463
2023-12-29,61327.43362831859,17300.884955752215,5287.610619469027,17787.61061946903,18318.584070796463
2024-01-02,61221.2389380531,17230.088495575223,5300.884955752213,17787.61061946903,18318.584070796463
2024-01-03,61053.09734513275,17274.336283185843,5292.035398230089,17787.61061946903,18318.584070796463
2024-01-04,60884.955752212394,17159.29203539823,5181.41592920354,17699.11504424779,18230.088495575223
2024-01-05,60893.80530973452,17079.646017699117,5234.513274336284,17699.11504424779,18141.592920353985
2024-01-08,60646.01769911505,16946.90265486726,5230.088495575222,17699.11504424779,18053.097345132745
2024-01-09,60814.1592920354,16902.65486725664,5221.238938053098,17699.11504424779,17964.601769911507
2024-01-10,60460.176991150445,16991.150442477876,5216.814159292036,17699.11504424779,18053.097345132745
2024-01-11,60407.07964601771,16893.805309734515,5216.814159292036,17699.11504424779,17964.601769911507
2024-01-12,60522.123893805314,16920.353982300887,5216.814159292036,17699.11504424779,17964.601769911507
2024-01-15,60230.088495575226,16831.858407079646,5283.185840707965,17699.11504424779,17876.106194690266
2024-01-16,60283.18584070797,16769.91150442478,5283.185840707965,17610.61946902655,17787.61061946903
2024-01-17,60212.38938053098,16805.309734513277,5265.486725663717,17610.61946902655,17787.61061946903
2024-01-18,59973.451327433635,16707.964601769912,5212.3893805309735,17522.12389380531,17699.11504424779
2024-01-19,60026.54867256638,16663.716814159292,5247.78761061947,17522.12389380531,17610.61946902655
2024-01-22,60265.48672566372,16663.716814159292,5221.238938053098,17522.12389380531,17610.61946902655
2024-01-23,60159.29203539823,16584.07079646018,5123.893805309735,17522.12389380531,17522.12389380531
2024-01-24,60309.73451327434,16796.460176991153,5181.41592920354,17699.11504424779,17699.11504424779
2024-01-25,60884.955752212394,16734.513274336285,5207.964601769912,17699.11504424779,17699.11504424779
2024-01-26,61053.09734513275,16911.504424778763,5243.362831858408,17699.11504424779,17876.106194690266
2024-01-29,61000.00000000001,16893.805309734515,5252.212389380531,17699.11504424779,17876.106194690266
2024-01-30,61008.84955752213,16823.008849557522,5274.336283185841,17610.61946902655,17787.61061946903
2024-01-31,61221.2389380531,16787.61061946903,5278.761061946903,17610.61946902655,17787.61061946903
2024-02-01,61185.840707964606,16743.36283185841,5243.362831858408,17610.61946902655,17787.61061946903
2024-02-02,60938.05309734514,16734.513274336285,5261.061946902655,17610.61946902655,17787.61061946903
2024-02-05,60681.41592920355,16575.221238938055,5203.53982300885,17610.61946902655,17699.11504424779
2024-02-06,60212.38938053098,16584.07079646018,5172.566371681416,17610.61946902655,17699.11504424779
2024-02-07,60221.2389380531,16743.36283185841,5163.716814159293,17699.11504424779,17876.106194690266
2024-02-08,59955.75221238939,16699.11504424779,5137.168141592921,17699.11504424779,17876.106194690266
2024-02-19,60566.371681415934,16654.86725663717,5278.761061946903,17699.11504424779,17876.106194690266
2024-02-20,60451.32743362832,16530.973451327434,5261.061946902655,17610.61946902655,17699.11504424779
2024-02-21,60911.50442477877,16699.11504424779,5274.336283185841,17699.11504424779,17876.106194690266
2024-02-22,61026.54867256638,16575.221238938055,5252.212389380531,17699.11504424779,17787.61061946903
2024-02-23,61398.230088495584,16690.265486725664,5230.088495575222,17699.11504424779,17787.61061946903
2024-02-26,61088.49557522125,16548.672566371682,5243.362831858408,17610.61946902655,17610.61946902655
2024-02-27,60849.5575221239,16646.017699115047,5199.115044247788,17610.61946902655,17610.61946902655
2024-02-28,60902.65486725664,16628.3185840708,5199.115044247788,17610.61946902655,17610.61946902655
2024-02-29,60858.40707964602,16681.41592920354,5194.690265486726,17610.61946902655,17610.61946902655
2024-03-01,60920.35398230089,16769.91150442478,5234.513274336284,17610.61946902655,17699.11504424779
2024-03-04,60982.30088495576,16761.061946902657,5300.884955752213,17610.61946902655,17699.11504424779
2024-03-05,61053.09734513275,16840.70796460177,5384.95575221239,17610.61946902655,17787.61061946903
2024-03-06,60929.203539823015,16769.91150442478,5398.230088495576,17610.61946902655,17699.11504424779
2024-03-07,61265.48672566372,16858.40707964602,5442.477876106195,17699.11504424779,17787.61061946903
2024-03-08,61601.76991150443,16955.752212389383,5455.752212389381,17699.11504424779,17876.106194690266
2024-03-11,61353.98230088496,16893.805309734515,5460.176991150443,17699.11504424779,17787.61061946903
2024-03-12,61495.57522123894,16929.20353982301,5464.601769911505,17699.11504424779,17787.61061946903
2024-03-13,61663.7168141593,16946.90265486726,5433.628318584071,17699.11504424779,17787.61061946903
2024-03-14,63654.867256637175,17000.0,5597.345132743363,17787.61061946903,17876.106194690266
2024-03-15,63699.115044247796,16973.45132743363,5570.796460176992,17787.61061946903,17876.106194690266
2024-03-18,64584.07079646018,17044.24778761062,5610.619469026549,17876.106194690266,17964.601769911507
2024-03-19,64716.814159292044,17035.398230088496,5615.044247787611,17876.106194690266,17964.601769911507
2024-03-20,64203.539823008854,17026.548672566372,5601.769911504425,17876.106194690266,17964.601769911507
2024-03-21,64601.76991150443,17115.044247787613,5743.362831858408,17876.106194690266,18053.097345132745
2024-03-22,63840.707964601774,17079.646017699117,5597.345132743363,17876.106194690266,18053.097345132745
2024-03-25,63973.451327433635,17123.893805309737,5668.141592920355,17876.106194690266,18053.097345132745
2024-03-26,63752.21238938054,17212.389380530974,5637.168141592921,17964.601769911507,18141.592920353985
2024-03-27,63442.4778761062,17053.097345132745,5592.920353982301,17876.106194690266,17964.601769911507
2024-03-28,63769.91150442479,17106.19469026549,5628.318584070797,17876.106194690266,17964.601769911507
2024-03-29,63840.707964601774,17230.088495575223,5703.53982300885,17876.106194690266,18053.097345132745
2024-04-01,64407.07964601771,17274.336283185843,5756.637168141593,17876.106194690266,18053.097345132745
2024-04-02,64389.38053097346,17318.584070796463,5734.513274336284,17876.106194690266,18053.097345132745
2024-04-03,64991.15044247788,17477.876106194693,5933.628318584071,17964.601769911507,18230.088495575223
2024-04-08,66876.10619469028,17787.61061946903,6185.840707964602,18141.592920353985,18407.0796460177
2024-04-09,67168.14159292036,17752.212389380533,6402.654867256638,18141.592920353985,18407.0796460177
2024-04-10,67256.6371681416,17867.256637168142,6376.106194690266,18230.088495575223,18495.57522123894
2024-04-11,67274.33628318585,17964.601769911507,6358.407079646018,18230.088495575223,18584.07079646018
2024-04-12,67353.98230088496,18185.840707964602,6508.849557522124,18318.584070796463,18761.061946902657
2024-04-15,67592.9203539823,18362.83185840708,6557.522123893806,18407.0796460177,18938.053097345135
2024-04-16,68026.54867256638,17929.20353982301,6606.194690265487,18230.088495575223,18584.07079646018
2024-04-17,67654.86725663717,17840.70796460177,6495.575221238939,18141.592920353985,18495.57522123894
2024-04-18,68106.19469026549,17893.805309734515,6486.725663716815,18141.592920353985,18495.57522123894
2024-04-19,69991.15044247788,18000.0,6606.194690265487,18230.088495575223,18584.07079646018
2024-04-22,71141.59292035399,18309.73451327434,6522.12389380531,18318.584070796463,18849.557522123894
2024-04-23,69504.42477876107,17938.053097345135,6238.938053097346,18141.592920353985,18584.07079646018
2024-04-24,69212.38938053098,17796.460176991153,6243.362831858408,18053.097345132745,18407.0796460177
2024-04-25,69743.36283185841,17973.45132743363,6261.061946902655,18141.592920353985,18495.57522123894
2024-04-26,70876.10619469028,18079.646017699117,6278.761061946903,18141.592920353985,18584.07079646018
2024-04-29,71327.43362831858,18221.2389380531,6265.486725663717,18230.088495575223,18761.061946902657
2024-04-30,72176.99115044248,18168.141592920354,6256.637168141593,18230.088495575223,18761.061946902657
2024-05-06,71566.37168141594,18176.991150442478,6212.389380530974,18230.088495575223,18761.061946902657
2024-05-07,71362.83185840708,18212.389380530974,6300.884955752213,18230.088495575223,18761.061946902657
2024-05-08,70557.52212389381,18000.0,6247.78761061947,18141.592920353985,18495.57522123894
2024-05-09,70469.02654867257,18168.141592920354,6300.884955752213,18230.088495575223,18584.07079646018
2024-05-10,70690.26548672566,18176.991150442478,6513.274336283186,18230.088495575223,18584.07079646018
2024-05-13,71300.88495575222,18079.646017699117,6438.053097345133,18141.592920353985,18495.57522123894
2024-05-14,72256.6371681416,18150.44247787611,6477.876106194691,18141.592920353985,18495.57522123894
2024-05-15,72035.3982300885,18115.044247787613,6517.699115044248,18053.097345132745,18407.0796460177
2024-05-16,72610.61946902655,18300.884955752215,6765.486725663717,18230.088495575223,18584.07079646018
2024-05-17,73123.89380530974,18336.283185840708,6707.964601769912,18230.088495575223,18584.07079646018
2024-05-20,77283.18584070797,18460.176991150445,7269.911504424779,18230.088495575223,18761.061946902657
2024-05-21,76318.58407079647,18345.132743362832,7482.300884955753,18141.592920353985,18672.566371681416
2024-05-22,76017.69911504425,18663.716814159296,7398.230088495576,18230.088495575223,18938.053097345135
2024-05-23,73513.2743362832,18353.982300884956,7017.699115044248,18141.592920353985,18672.566371681416
2024-05-24,73769.91150442479,18398.230088495577,7026.548672566372,18141.592920353985,18672.566371681416
2024-05-27,73902.65486725664,18477.876106194693,7115.044247787611,18141.592920353985,18761.061946902657
2024-05-28,74858.40707964603,18619.469026548675,7424.778761061948,18230.088495575223,18849.557522123894
2024-05-29,74752.21238938054,18646.017699115047,7411.504424778762,18230.088495575223,18849.557522123894
2024-05-30,73964.60176991152,19212.389380530974,7429.203539823009,18407.0796460177,19380.53097345133
2024-05-31,72584.07079646019,18796.460176991153,7256.637168141594,18230.088495575223,19026.548672566372
2024-06-03,72309.73451327435,18663.716814159296,7097.345132743363,18230.088495575223,18938.053097345135
2024-06-04,72628.3185840708,18752.212389380533,7101.769911504425,18230.088495575223,19026.548672566372
2024-06-05,70973.45132743364,18637.168141592923,6862.83185840708,18230.088495575223,18938.053097345135
2024-06-06,71752.21238938054,18752.212389380533,7119.469026548673,18230.088495575223,19026.548672566372
2024-06-07,71991.15044247788,18734.513274336285,7252.212389380532,18230.088495575223,19026.548672566372
2024-06-11,70522.12389380531,18415.929203539825,6884.95575221239,18141.592920353985,18761.061946902657
2024-06-12,70451.32743362832,18398.230088495577,6849.557522123894,18141.592920353985,18761.061946902657
2024-06-13,70309.73451327434,18274.336283185843,6738.938053097346,18053.097345132745,18672.566371681416
2024-06-14,70292.0353982301,18194.690265486726,6725.66371681416,18053.097345132745,18672.566371681416
2024-06-17,69778.7610619469,18035.398230088496,6853.982300884956,17964.601769911507,18495.57522123894
2024-06-18,69557.52212389381,18008.849557522124,6858.407079646018,17964.601769911507,18495.57522123894
2024-06-19,69513.2743362832,18053.097345132745,6862.83185840708,17964.601769911507,18584.07079646018
2024-06-20,70345.13274336283,18106.19469026549,7053.097345132744,17964.601769911507,18584.07079646018
2024-06-21,70398.23008849558,18070.796460176993,7132.7433628318595,17964.601769911507,18584.07079646018
2024-06-24,69212.38938053098,17929.20353982301,6929.203539823009,17876.106194690266,18495.57522123894
2024-06-25,69433.62831858407,17876.106194690266,6902.654867256638,17876.106194690266,18495.57522123894
2024-06-26,68495.57522123895,17752.212389380533,6738.938053097346,17876.106194690266,18407.0796460177
2024-06-27,68814.1592920354,17805.309734513277,6734.513274336284,17876.106194690266,18495.57522123894
2024-06-28,68849.5575221239,17831.858407079646,6769.911504424779,17876.106194690266,18495.57522123894
2024-07-01,68938.05309734514,17796.460176991153,6823.008849557523,17876.106194690266,18495.57522123894
2024-07-02,69504.42477876107,17884.95575221239,6893.805309734514,17964.601769911507,18584.07079646018
2024-07-03,69637.16814159292,17955.752212389383,6946.902654867257,17964.601769911507,18584.07079646018
2024-07-04,70690.26548672566,18035.398230088496,7137.168141592921,17964.601769911507,18672.566371681416
2024-07-05,70699.1150442478,17938.053097345135,7115.044247787611,17964.601769911507,18584.07079646018
2024-07-08,70787.61061946904,17902.65486725664,7269.911504424779,17964.601769911507,18584.07079646018
2024-07-09,70778.7610619469,17964.601769911507,7199.115044247788,17964.601769911507,18584.07079646018
2024-07-10,70486.72566371682,17884.95575221239,7207.964601769912,17876.106194690266,18495.57522123894
2024-07-11,70575.22123893806,17814.1592920354,7207.964601769912,17787.61061946903,18407.0796460177
2024-07-12,69849.5575221239,17699.11504424779,7238.938053097346,17699.11504424779,18318.584070796463
2024-07-15,70796.46017699115,17734.513274336285,7150.442477876107,17699.11504424779,18318.584070796463
2024-07-16,70070.79646017699,17513.274336283186,7141.592920353983,17610.61946902655,18141.592920353985
2024-07-17,69743.36283185841,17486.725663716818,7261.061946902655,17610.61946902655,18141.592920353985
2024-07-18,69159.29203539823,17318.584070796463,7004.424778761063,17522.12389380531,17964.601769911507
2024-07-19,67787.61061946904,17247.78761061947,6831.858407079647,17522.12389380531,17876.106194690266
2024-07-22,67451.32743362832,17194.690265486726,6805.309734513275,17522.12389380531,17876.106194690266
2024-07-23,66929.20353982302,17070.796460176993,6787.610619469027,17433.628318584073,17787.61061946903
2024-07-24,66247.78761061947,16991.150442477876,6752.212389380532,17433.628318584073,17699.11504424779
2024-07-25,64964.60176991151,16823.008849557522,6592.920353982301,17345.132743362832,17522.12389380531
2024-07-26,65867.25663716815,16991.150442477876,6411.504424778762,17345.132743362832,17610.61946902655
2024-07-29,65690.26548672566,16955.752212389383,6429.203539823009,17345.132743362832,17610.61946902655
2024-07-30,64867.256637168146,16725.66371681416,6367.256637168142,17256.637168141595,17345.132743362832
2024-07-31,65274.33628318585,16787.61061946903,6504.424778761063,17256.637168141595,17345.132743362832
2024-08-01,66292.03539823009,16964.601769911507,6659.292035398231,17345.132743362832,17522.12389380531
2024-08-02,65053.09734513275,16814.1592920354,6495.575221238939,17345.132743362832,17433.628318584073
2024-08-05,64513.27433628319,16672.566371681416,6446.902654867257,17256.637168141595,17256.637168141595
2024-08-06,63238.93805309735,16592.920353982303,6234.513274336284,17256.637168141595,17256.637168141595
2024-08-07,63247.787610619474,16699.11504424779,6115.044247787611,17256.637168141595,17345.132743362832
2024-08-08,62610.619469026555,16619.469026548675,6128.318584070797,17256.637168141595,17345.132743362832
2024-08-09,63345.13274336284,16823.008849557522,6314.159292035399,17345.132743362832,17433.628318584073
2024-08-12,63159.29203539823,16805.309734513277,6238.938053097346,17345.132743362832,17433.628318584073
2024-08-13,64097.34513274337,16805.309734513277,6331.858407079647,17345.132743362832,17433.628318584073
2024-08-14,63761.061946902664,16769.91150442478,6340.70796460177,17433.628318584073,17433.628318584073
2024-08-15,64150.44247787611,16823.008849557522,6230.088495575222,17522.12389380531,17433.628318584073
2024-08-16,65247.787610619474,17017.699115044248,6438.053097345133,17610.61946902655,17610.61946902655
2024-08-19,65548.6725663717,17221.2389380531,6522.12389380531,17699.11504424779,17787.61061946903
2024-08-20,65451.32743362832,17247.78761061947,6619.469026548673,17699.11504424779,17787.61061946903
2024-08-21,65194.69026548673,17336.283185840708,6619.469026548673,17787.61061946903,17876.106194690266
2024-08-22,65486.72566371682,17424.77876106195,6663.716814159293,17787.61061946903,17964.601769911507
2024-08-23,65159.29203539823,17433.628318584073,6535.398230088496,17787.61061946903,17964.601769911507
2024-08-26,65991.15044247788,17469.02654867257,6690.265486725664,17787.61061946903,17964.601769911507
2024-08-27,66353.98230088496,17469.02654867257,6721.238938053098,17787.61061946903,17964.601769911507
2024-08-28,66309.73451327434,17522.12389380531,6734.513274336284,17787.61061946903,18053.097345132745
2024-08-29,65415.92920353983,17300.884955752215,6610.619469026549,17699.11504424779,17876.106194690266
2024-08-30,65442.477876106204,17371.681415929204,6623.893805309735,17787.61061946903,17964.601769911507
2024-09-02,65176.99115044248,17221.2389380531,6477.876106194691,17699.11504424779,17876.106194690266
2024-09-03,65442.477876106204,17247.78761061947,6362.83185840708,17699.11504424779,17876.106194690266
2024-09-04,63831.85840707965,17106.19469026549,6261.061946902655,17610.61946902655,17787.61061946903
2024-09-05,63796.46017699115,17079.646017699117,6300.884955752213,17610.61946902655,17787.61061946903
2024-09-06,64362.83185840709,17000.0,6331.858407079647,17610.61946902655,17699.11504424779
2024-09-09,63787.61061946903,16946.90265486726,6132.743362831859,17522.12389380531,17610.61946902655
2024-09-10,64486.72566371682,17123.893805309737,6199.115044247788,17610.61946902655,17699.11504424779
2024-09-11,64504.424778761066,17115.044247787613,6216.814159292036,17610.61946902655,17699.11504424779
2024-09-12,65079.646017699124,17345.132743362832,6309.734513274337,17699.11504424779,17876.106194690266
2024-09-13,65955.75221238939,17442.477876106197,6526.548672566372,17787.61061946903,17964.601769911507
2024-09-18,65973.45132743364,17513.274336283186,6570.796460176992,17876.106194690266,18053.097345132745
2024-09-19,66265.48672566372,17548.672566371682,6420.353982300886,17964.601769911507,18053.097345132745
2024-09-20,67309.73451327434,17672.566371681416,6579.646017699116,18053.097345132745,18141.592920353985
2024-09-23,66849.5575221239,17433.628318584073,6619.469026548673,17964.601769911507,17964.601769911507
2024-09-24,67469.02654867257,17522.12389380531,6623.893805309735,18053.097345132745,18053.097345132745
2024-09-25,68982.30088495575,17840.70796460177,6902.654867256638,18230.088495575223,18318.584070796463
2024-09-26,68707.96460176991,17690.265486725664,6907.0796460177,18141.592920353985,18230.088495575223
2024-09-27,69831.85840707965,17973.45132743363,6924.778761061948,18230.088495575223,18407.0796460177
2024-09-30,69911.50442477877,18035.398230088496,6871.681415929204,18230.088495575223,18495.57522123894
2024-10-08,69504.42477876107,18230.088495575223,6880.5309734513285,18318.584070796463,18672.566371681416
2024-10-09,68752.21238938054,18097.345132743365,6654.867256637169,18318.584070796463,18584.07079646018
2024-10-10,68513.2743362832,18168.141592920354,6641.592920353983,18318.584070796463,18584.07079646018
2024-10-11,68566.37168141594,18318.584070796463,6787.610619469027,18407.0796460177,18716.814159292036
2024-10-14,68743.36283185841,18353.982300884956,6805.309734513275,18407.0796460177,18716.814159292036
2024-10-15,68362.83185840708,18415.929203539825,6831.858407079647,18407.0796460177,18716.814159292036
2024-10-16,67814.1592920354,18283.185840707967,6920.353982300886,18318.584070796463,18628.3185840708
2024-10-17,68362.83185840708,18371.681415929204,6991.150442477877,18407.0796460177,18716.814159292036
2024-10-18,67716.81415929204,18141.592920353985,6995.575221238939,18318.584070796463,18539.82300884956
2024-10-21,68619.46902654869,18398.230088495577,7314.159292035399,18495.57522123894,18716.814159292036
2024-10-22,68026.54867256638,18345.132743362832,7296.4601769911515,18495.57522123894,18716.814159292036
2024-10-23,67982.30088495575,18407.0796460177,7376.106194690266,18495.57522123894,18805.309734513277
2024-10-24,67814.1592920354,18646.017699115047,7199.115044247788,18584.07079646018,18982.300884955755
2024-10-25,67902.65486725664,18424.77876106195,7207.964601769912,18407.0796460177,18716.814159292036
2024-10-28,67805.30973451328,18530.973451327434,7176.991150442478,18495.57522123894,18805.309734513277
2024-10-29,67831.85840707965,18407.0796460177,7292.035398230089,18407.0796460177,18716.814159292036
2024-10-30,67938.05309734514,18451.32743362832,7367.256637168142,18407.0796460177,18716.814159292036
2024-10-31,67867.25663716815,18389.380530973453,7225.66371681416,18407.0796460177,18716.814159292036
2024-11-01,67716.81415929204,18389.380530973453,7048.6725663716825,18407.0796460177,18716.814159292036
2024-11-04,67973.45132743364,18424.77876106195,7026.548672566372,18407.0796460177,18716.814159292036
2024-11-05,68778.7610619469,18628.3185840708,7030.973451327434,18495.57522123894,18893.805309734515
2024-11-06,68876.10619469028,18769.91150442478,7061.946902654868,18584.07079646018,18982.300884955755
2024-11-07,67654.86725663717,19000.0,6796.4601769911515,18761.061946902657,19159.292035398234
2024-11-08,68495.57522123895,19212.389380530974,6920.353982300886,18849.557522123894,19336.283185840708
2024-11-11,67867.25663716815,19026.548672566372,6889.380530973452,18761.061946902657,19159.292035398234
2024-11-12,67274.33628318585,18716.814159292036,6796.4601769911515,18672.566371681416,18893.805309734515
2024-11-13,66336.28318584072,18442.477876106197,6792.035398230089,18495.57522123894,18628.3185840708
2024-11-14,65123.89380530974,18265.48672566372,6707.964601769912,18407.0796460177,18539.82300884956
2024-11-15,65672.56637168142,18451.32743362832,6685.840707964602,18495.57522123894,18716.814159292036
2024-11-18,65522.123893805314,18150.44247787611,6747.78761061947,18407.0796460177,18451.32743362832
2024-11-19,65707.96460176991,18159.292035398234,6840.707964601771,18407.0796460177,18451.32743362832
2024-11-20,66265.48672566372,18398.230088495577,6858.407079646018,18495.57522123894,18628.3185840708
2024-11-21,66035.3982300885,18309.73451327434,6840.707964601771,18495.57522123894,18539.82300884956
2024-11-22,65513.27433628319,18238.938053097347,6849.557522123894,18495.57522123894,18539.82300884956
2024-11-25,65938.05309734514,18292.03539823009,6831.858407079647,18495.57522123894,18539.82300884956
2024-11-26,65486.72566371682,18230.088495575223,6694.690265486726,18495.57522123894,18539.82300884956
2024-11-27,65407.07964601771,18176.991150442478,6699.115044247788,18495.57522123894,18539.82300884956
2024-11-28,65628.3185840708,18053.097345132745,6588.49557522124,18407.0796460177,18451.32743362832
2024-11-29,65610.61946902655,18017.699115044248,6716.814159292036,18407.0796460177,18451.32743362832
2024-12-02,65477.87610619469,18044.24778761062,6743.362831858408,18407.0796460177,18539.82300884956
2024-12-03,65469.02654867257,17982.300884955755,6783.185840707965,18407.0796460177,18539.82300884956
2024-12-04,66203.53982300886,18026.548672566372,6849.557522123894,18407.0796460177,18539.82300884956
2024-12-05,66044.24778761063,18185.840707964602,6911.504424778762,18495.57522123894,18628.3185840708
2024-12-06,66008.84955752213,18053.097345132745,6849.557522123894,18407.0796460177,18539.82300884956
2024-12-09,66451.32743362832,18061.94690265487,6902.654867256638,18407.0796460177,18539.82300884956
2024-12-10,66876.10619469028,18000.0,7013.274336283186,18407.0796460177,18539.82300884956
2024-12-11,67061.94690265488,18035.398230088496,7035.398230088496,18407.0796460177,18539.82300884956
2024-12-12,66831.85840707965,18070.796460176993,7004.424778761063,18407.0796460177,18539.82300884956
2024-12-13,66194.69026548673,17982.300884955755,6889.380530973452,18407.0796460177,18451.32743362832
2024-12-16,66079.64601769912,17840.70796460177,6818.584070796461,18318.584070796463,18362.83185840708
2024-12-17,66203.53982300886,17610.61946902655,6853.982300884956,18318.584070796463,18185.840707964602
2024-12-18,65823.00884955753,17513.274336283186,6831.858407079647,18318.584070796463,18097.345132743365
2024-12-19,65486.72566371682,17415.929203539825,6650.442477876107,18318.584070796463,18008.849557522124
2024-12-20,65415.92920353983,17539.82300884956,6557.522123893806,18318.584070796463,18097.345132743365
2024-12-23,65823.00884955753,17584.07079646018,6654.867256637169,18318.584070796463,18185.840707964602
2024-12-24,65707.96460176991,17504.424778761062,6676.991150442478,18318.584070796463,18097.345132743365
2024-12-25,65725.66371681416,17548.672566371682,6707.964601769912,18318.584070796463,18097.345132743365
2024-12-26,65840.70796460178,17539.82300884956,6730.088495575222,18318.584070796463,18097.345132743365
2024-12-27,65778.7610619469,17460.176991150445,6730.088495575222,18318.584070796463,18008.849557522124
2024-12-30,65752.21238938054,17433.628318584073,6672.566371681417,18318.584070796463,18008.849557522124
2024-12-31,65415.92920353983,17495.575221238938,6610.619469026549,18318.584070796463,18008.849557522124
2025-01-02,65070.796460177,17584.07079646018,6721.238938053098,18318.584070796463,18097.345132743365
2025-01-03,64876.10619469027,17566.37168141593,6747.78761061947,18318.584070796463,18097.345132743365
2025-01-06,65486.72566371682,17371.681415929204,6783.185840707965,18318.584070796463,17920.353982300887
2025-01-07,65929.20353982302,17380.53097345133,6805.309734513275,18318.584070796463,17920.353982300887
2025-01-08,66079.64601769912,17380.53097345133,6849.557522123894,18318.584070796463,17920.353982300887
2025-01-09,66230.08849557523,17407.0796460177,6845.132743362832,18318.584070796463,17920.353982300887
2025-01-10,66840.70796460178,17681.41592920354,6880.5309734513285,18407.0796460177,18185.840707964602
2025-01-13,67008.84955752213,17831.858407079646,6880.5309734513285,18495.57522123894,18362.83185840708
2025-01-14,66938.05309734514,17831.858407079646,6734.513274336284,18495.57522123894,18362.83185840708
2025-01-15,66902.65486725664,17716.814159292036,6747.78761061947,18495.57522123894,18274.336283185843
2025-01-16,67362.83185840708,17876.106194690266,6933.628318584071,18584.07079646018,18451.32743362832
2025-01-17,67716.81415929204,18000.0,6946.902654867257,18584.07079646018,18539.82300884956
2025-01-20,66831.85840707965,17920.353982300887,6809.734513274337,18584.07079646018,18539.82300884956
2025-01-21,66955.75221238939,17982.300884955755,6845.132743362832,18584.07079646018,18539.82300884956
2025-01-22,66858.40707964603,17902.65486725664,6920.353982300886,18584.07079646018,18451.32743362832
2025-01-23,66398.23008849558,17876.106194690266,6858.407079646018,18584.07079646018,18451.32743362832
2025-01-24,66619.46902654869,17867.256637168142,6836.283185840709,18584.07079646018,18451.32743362832
2025-01-27,66530.97345132745,17796.460176991153,6792.035398230089,18584.07079646018,18451.32743362832
2025-02-05,66725.66371681416,17831.858407079646,7128.318584070797,18584.07079646018,18451.32743362832
2025-02-06,67690.26548672566,17893.805309734515,7146.017699115045,18584.07079646018,18539.82300884956
2025-02-07,68017.69911504425,18115.044247787613,7132.7433628318595,18672.566371681416,18716.814159292036
2025-02-10,68079.64601769912,18061.94690265487,7092.920353982302,18672.566371681416,18716.814159292036
2025-02-11,68309.73451327434,18221.2389380531,7132.7433628318595,18761.061946902657,18893.805309734515
2025-02-12,67955.75221238939,18168.141592920354,7017.699115044248,18761.061946902657,18805.309734513277
2025-02-13,68353.98230088496,18150.44247787611,7079.646017699116,18761.061946902657,18805.309734513277
2025-02-14,68716.81415929204,18230.088495575223,7154.867256637169,18761.061946902657,18805.309734513277
2025-02-17,68504.42477876107,18176.991150442478,7079.646017699116,18761.061946902657,18805.309734513277
2025-02-18,67893.80530973453,18150.44247787611,7084.070796460178,18761.061946902657,18805.309734513277
2025-02-19,68300.88495575222,18230.088495575223,7203.53982300885,18849.557522123894,18893.805309734515
2025-02-20,68371.68141592921,18309.73451327434,7172.566371681417,18849.557522123894,18982.300884955755
2025-02-21,68575.22123893806,18424.77876106195,7185.840707964602,18849.557522123894,19070.796460176993
2025-02-24,68371.68141592921,18221.2389380531,7119.469026548673,18849.557522123894,18893.805309734515
2025-02-25,68168.14159292036,18035.398230088496,7110.619469026549,18672.566371681416,18716.814159292036
2025-02-26,68168.14159292036,18159.292035398234,7013.274336283186,18672.566371681416,18805.309734513277
2025-02-27,68026.54867256638,18185.840707964602,7026.548672566372,18672.566371681416,18805.309734513277
2025-02-28,68044.24778761063,18230.088495575223,6969.026548672567,18672.566371681416,18805.309734513277
2025-03-03,68265.48672566372,18256.637168141595,6991.150442477877,18672.566371681416,18805.309734513277
2025-03-04,68159.29203539823,18238.938053097347,7013.274336283186,18672.566371681416,18805.309734513277
2025-03-05,68079.64601769912,18185.840707964602,7044.24778761062,18672.566371681416,18716.814159292036
2025-03-06,69336.28318584072,18407.0796460177,7146.017699115045,18761.061946902657,18893.805309734515
2025-03-07,69778.7610619469,18433.628318584073,7119.469026548673,18761.061946902657,18893.805309734515
2025-03-10,69292.0353982301,18380.53097345133,7132.7433628318595,18761.061946902657,18893.805309734515
2025-03-11,68876.10619469028,18327.433628318588,7048.6725663716825,18761.061946902657,18805.309734513277
2025-03-12,69699.1150442478,18495.57522123894,7146.017699115045,18849.557522123894,18893.805309734515
2025-03-13,70690.26548672566,18504.424778761062,7207.964601769912,18849.557522123894,18893.805309734515
2025-03-14,70964.60176991152,18504.424778761062,7389.380530973452,18849.557522123894,18893.805309734515
2025-03-17,70858.40707964603,18424.77876106195,7376.106194690266,18849.557522123894,18805.309734513277
2025-03-18,71292.0353982301,18398.230088495577,7384.9557522123905,18849.557522123894,18805.309734513277
2025-03-19,71362.83185840708,18221.2389380531,7393.805309734514,18672.566371681416,18539.82300884956
2025-03-20,72265.48672566372,18415.929203539825,7384.9557522123905,18761.061946902657,18716.814159292036
2025-03-21,72238.93805309736,18398.230088495577,7340.707964601771,18761.061946902657,18716.814159292036
2025-03-24,71929.20353982302,18283.185840707967,7265.486725663717,18761.061946902657,18628.3185840708
2025-03-25,72389.38053097346,18283.185840707967,7269.911504424779,18761.061946902657,18628.3185840708
2025-03-26,73176.99115044248,18292.03539823009,7384.9557522123905,18761.061946902657,18628.3185840708
2025-03-27,72185.84070796461,18407.0796460177,7376.106194690266,18761.061946902657,18805.309734513277
2025-03-28,71522.12389380531,18247.78761061947,7522.12389380531,18672.566371681416,18761.061946902657
2025-03-31,70831.85840707965,18194.690265486726,7486.725663716815,18584.07079646018,18672.566371681416
2025-04-01,70858.40707964603,18194.690265486726,7460.176991150443,18584.07079646018,18672.566371681416
2025-04-02,70955.75221238939,18194.690265486726,7429.203539823009,18584.07079646018,18672.566371681416
2025-04-03,70035.3982300885,18194.690265486726,7455.752212389381,18584.07079646018,18672.566371681416
2025-04-07,66584.07079646019,17637.168141592923,6889.380530973452,18141.592920353985,18141.592920353985
2025-04-08,65265.48672566372,17592.920353982303,6792.035398230089,18230.088495575223,18230.088495575223
2025-04-09,64194.69026548673,17283.185840707967,6787.610619469027,18230.088495575223,18053.097345132745
2025-04-10,66761.06194690266,17592.920353982303,7004.424778761063,18318.584070796463,18318.584070796463
2025-04-11,65973.45132743364,17327.433628318584,7026.548672566372,18318.584070796463,18230.088495575223
2025-04-14,67566.37168141594,17495.575221238938,7168.141592920355,18407.0796460177,18407.0796460177
2025-04-15,67451.32743362832,17415.929203539825,7203.53982300885,18407.0796460177,18407.0796460177
2025-04-16,67292.03539823009,17415.929203539825,7261.061946902655,18407.0796460177,18407.0796460177
2025-04-17,67442.4778761062,17522.12389380531,7216.8141592920365,18407.0796460177,18407.0796460177
2025-04-18,67592.9203539823,17548.672566371682,7212.389380530974,18407.0796460177,18407.0796460177
2025-04-21,67823.00884955753,17619.469026548675,7265.486725663717,18407.0796460177,18407.0796460177
2025-04-22,68530.97345132745,17592.920353982303,7261.061946902655,18318.584070796463,18318.584070796463
2025-04-23,69292.0353982301,17619.469026548675,7274.336283185841,18318.584070796463,18318.584070796463
2025-04-24,69203.53982300886,17681.41592920354,7353.982300884956,18318.584070796463,18407.0796460177
2025-04-25,69238.93805309736,17761.061946902657,7362.83185840708,18318.584070796463,18495.57522123894
2025-04-28,68637.16814159292,17654.86725663717,7247.78761061947,18230.088495575223,18407.0796460177
2025-04-29,69185.84070796461,17716.814159292036,7292.035398230089,18230.088495575223,18407.0796460177
2025-04-30,69106.19469026549,17752.212389380533,7283.185840707965,18230.088495575223,18407.0796460177
2025-05-06,69336.28318584072,17566.37168141593,7292.035398230089,18141.592920353985,18318.584070796463
2025-05-07,69477.8761061947,17353.982300884956,7252.212389380532,18053.097345132745,18230.088495575223
2025-05-08,69477.8761061947,17362.83185840708,7265.486725663717,18053.097345132745,18230.088495575223
2025-05-09,69380.53097345133,17353.982300884956,7203.53982300885,18053.097345132745,18230.088495575223
2025-05-12,69522.12389380531,17539.82300884956,7199.115044247788,18053.097345132745,18318.584070796463
2025-05-13,69265.48672566372,17716.814159292036,7203.53982300885,18053.097345132745,18407.0796460177
2025-05-14,69964.60176991152,17884.95575221239,7243.362831858408,18141.592920353985,18584.07079646018
2025-05-15,69831.85840707965,18000.0,7123.893805309735,18141.592920353985,18672.566371681416
2025-05-16,69805.30973451328,17938.053097345135,7168.141592920355,18141.592920353985,18672.566371681416
2025-05-19,69194.69026548673,17902.65486725664,7176.991150442478,18141.592920353985,18672.566371681416
2025-05-20,69407.07964601771,17884.95575221239,7163.716814159293,18141.592920353985,18672.566371681416
2025-05-21,69557.52212389381,17973.45132743363,7283.185840707965,18141.592920353985,18672.566371681416
2025-05-22,69221.23893805311,18017.699115044248,7331.858407079647,18141.592920353985,18672.566371681416
2025-05-23,69203.53982300886,18035.398230088496,7283.185840707965,18141.592920353985,18672.566371681416
2025-05-26,69610.61946902655,18008.849557522124,7305.309734513275,18141.592920353985,18672.566371681416
2025-05-27,69592.9203539823,17876.106194690266,7296.4601769911515,18141.592920353985,18495.57522123894
2025-05-28,69592.9203539823,18008.849557522124,7278.761061946903,18141.592920353985,18584.07079646018
2025-05-29,69584.07079646019,18035.398230088496,7252.212389380532,18141.592920353985,18584.07079646018
2025-05-30,69336.28318584072,17946.90265486726,7261.061946902655,18053.097345132745,18495.57522123894
2025-06-03,69495.57522123895,17805.309734513277,7469.0265486725675,18053.097345132745,18407.0796460177
2025-06-04,69584.07079646019,17946.90265486726,7495.575221238939,18053.097345132745,18495.57522123894
2025-06-05,69433.62831858407,17920.353982300887,7482.300884955753,18053.097345132745,18495.57522123894
2025-06-06,69884.9557522124,17902.65486725664,7743.362831858408,17964.601769911507,18407.0796460177
2025-06-09,69867.25663716815,17884.95575221239,7800.8849557522135,17964.601769911507,18407.0796460177
2025-06-10,70238.93805309736,17840.70796460177,7845.132743362833,17876.106194690266,18318.584070796463
2025-06-11,70283.18584070797,18044.24778761062,7867.256637168142,17876.106194690266,18407.0796460177
2025-06-12,70079.64601769912,18274.336283185843,7814.159292035399,17876.106194690266,18495.57522123894
2025-06-13,70008.84955752213,18345.132743362832,7805.309734513275,17876.106194690266,18495.57522123894
2025-06-16,69707.96460176991,18256.637168141595,7783.185840707965,17876.106194690266,18407.0796460177
2025-06-17,69752.21238938054,18247.78761061947,7787.610619469027,17876.106194690266,18407.0796460177
2025-06-18,69823.00884955753,18504.424778761062,7946.902654867257,17876.106194690266,18584.07079646018
2025-06-19,69761.06194690266,18380.53097345133,7849.557522123894,17876.106194690266,18495.57522123894
2025-06-20,69513.2743362832,18336.283185840708,7765.486725663717,17876.106194690266,18495.57522123894
2025-06-23,69451.32743362832,18274.336283185843,7721.238938053098,17876.106194690266,18495.57522123894
2025-06-24,69539.82300884956,18176.991150442478,7716.8141592920365,17787.61061946903,18318.584070796463
2025-06-25,69681.41592920355,18176.991150442478,7690.265486725664,17787.61061946903,18318.584070796463
2025-06-26,69867.25663716815,18238.938053097347,7743.362831858408,17787.61061946903,18318.584070796463
2025-06-27,71061.94690265488,18495.57522123894,7792.035398230089,17876.106194690266,18495.57522123894
2025-06-30,70876.10619469028,18389.380530973453,7694.690265486726,17787.61061946903,18407.0796460177
2025-07-01,71115.04424778762,18389.380530973453,7721.238938053098,17787.61061946903,18407.0796460177
2025-07-02,71725.66371681416,18415.929203539825,7743.362831858408,17787.61061946903,18495.57522123894
2025-07-03,71752.21238938054,18460.176991150445,7814.159292035399,17787.61061946903,18495.57522123894
2025-07-04,71309.73451327434,18371.681415929204,7893.805309734514,17787.61061946903,18495.57522123894
2025-07-07,70778.7610619469,18265.48672566372,7898.230088495576,17787.61061946903,18407.0796460177
2025-07-08,70716.81415929204,18230.088495575223,7880.5309734513285,17787.61061946903,18407.0796460177
2025-07-09,70230.08849557523,18292.03539823009,7853.982300884956,17787.61061946903,18495.57522123894
2025-07-10,69646.01769911505,18424.77876106195,7840.707964601771,17876.106194690266,18584.07079646018
2025-07-11,69743.36283185841,18398.230088495577,7986.725663716815,17876.106194690266,18584.07079646018
2025-07-14,69557.52212389381,18115.044247787613,8128.318584070797,17787.61061946903,18407.0796460177
2025-07-15,69292.0353982301,18150.44247787611,8106.194690265487,17787.61061946903,18407.0796460177
2025-07-16,69194.69026548673,18159.292035398234,8070.796460176992,17787.61061946903,18407.0796460177
2025-07-17,69132.74336283187,18203.53982300885,8084.070796460178,17787.61061946903,18407.0796460177
2025-07-18,69654.86725663717,18318.584070796463,8132.7433628318595,17876.106194690266,18495.57522123894
2025-07-21,70584.07079646019,18495.57522123894,8159.292035398231,17964.601769911507,18672.566371681416
2025-07-22,70646.01769911505,18530.973451327434,8265.486725663717,17964.601769911507,18672.566371681416
2025-07-23,70743.36283185841,18451.32743362832,8336.283185840708,17964.601769911507,18672.566371681416
2025-07-24,70725.66371681416,18336.283185840708,8300.884955752214,17964.601769911507,18584.07079646018
2025-07-25,70477.8761061947,18389.380530973453,8305.309734513276,17964.601769911507,18584.07079646018
2025-07-28,70150.44247787612,18292.03539823009,8119.469026548673,17876.106194690266,18495.57522123894
2025-07-29,70017.69911504425,18247.78761061947,8119.469026548673,17876.106194690266,18495.57522123894
2025-07-30,70274.33628318585,18300.884955752215,8123.893805309735,17876.106194690266,18495.57522123894
2025-07-31,69628.3185840708,18212.389380530974,7920.353982300886,17876.106194690266,18407.0796460177
2025-08-01,69433.62831858407,18159.292035398234,7862.83185840708,17876.106194690266,18407.0796460177
2025-08-04,69477.8761061947,18123.893805309737,7920.353982300886,17876.106194690266,18407.0796460177
2025-08-05,69725.66371681416,18159.292035398234,8022.12389380531,17876.106194690266,18407.0796460177
2025-08-06,69469.02654867257,18256.637168141595,8106.194690265487,17876.106194690266,18495.57522123894
2025-08-07,69557.52212389381,18309.73451327434,8132.7433628318595,17876.106194690266,18584.07079646018
2025-08-08,69592.9203539823,18274.336283185843,8176.991150442479,17876.106194690266,18584.07079646018
2025-08-11,70079.64601769912,18256.637168141595,8150.442477876107,17876.106194690266,18584.07079646018
2025-08-12,70079.64601769912,18256.637168141595,8097.345132743364,17876.106194690266,18584.07079646018
2025-08-13,70362.83185840708,18371.681415929204,8146.017699115045,17964.601769911507,18672.566371681416
2025-08-14,70442.4778761062,18327.433628318588,8238.938053097347,17964.601769911507,18672.566371681416
2025-08-15,70176.99115044248,18327.433628318588,8123.893805309735,17964.601769911507,18672.566371681416
2025-08-18,70292.0353982301,18185.840707964602,8159.292035398231,17964.601769911507,18584.07079646018
2025-08-19,70106.19469026549,18221.2389380531,8119.469026548673,17964.601769911507,18584.07079646018
2025-08-20,69778.7610619469,18159.292035398234,8004.424778761063,17964.601769911507,18584.07079646018
2025-08-21,69796.46017699115,18292.03539823009,8110.619469026549,18053.097345132745,18672.566371681416
2025-08-22,69867.25663716815,18327.433628318588,8154.867256637169,18053.097345132745,18672.566371681416
2025-08-25,70345.13274336283,18389.380530973453,8278.761061946903,18053.097345132745,18761.061946902657
2025-08-26,70601.76991150444,18389.380530973453,8261.061946902655,18053.097345132745,18761.061946902657
2025-08-27,70504.42477876107,18442.477876106197,8234.513274336285,18230.088495575223,18849.557522123894
2025-08-28,70141.59292035399,18345.132743362832,8261.061946902655,18230.088495575223,18761.061946902657
2025-08-29,70309.73451327434,18345.132743362832,8287.610619469027,18230.088495575223,18761.061946902657
2025-09-01,70876.10619469028,18247.78761061947,8508.849557522124,18230.088495575223,18672.566371681416
2025-09-02,71000.0,18327.433628318588,8721.238938053099,18318.584070796463,18761.061946902657
2025-09-03,71309.73451327434,18345.132743362832,8703.53982300885,18318.584070796463,18761.061946902657
2025-09-04,71000.0,18238.938053097347,8672.566371681416,18318.584070796463,18672.566371681416
2025-09-05,70876.10619469028,18283.185840707967,8646.017699115046,18318.584070796463,18672.566371681416
2025-09-08,70796.46017699115,18300.884955752215,8632.74336283186,18318.584070796463,18672.566371681416
2025-09-09,70787.61061946904,18380.53097345133,8712.389380530974,18318.584070796463,18672.566371681416
2025-09-10,70690.26548672566,18371.681415929204,8641.592920353984,18318.584070796463,18672.566371681416
2025-09-11,71035.3982300885,18460.176991150445,8685.840707964602,18407.0796460177,18761.061946902657
2025-09-12,71752.21238938054,18619.469026548675,8849.557522123894,18495.57522123894,18849.557522123894
2025-09-15,71743.36283185841,18539.82300884956,8853.982300884956,18495.57522123894,18761.061946902657
2025-09-16,71964.60176991152,18539.82300884956,8955.752212389381,18495.57522123894,18761.061946902657
2025-09-17,71415.92920353982,18486.725663716818,8787.610619469027,18495.57522123894,18761.061946902657
2025-09-18,70929.20353982302,18389.380530973453,8707.964601769912,18407.0796460177,18672.566371681416
2025-09-19,70893.80530973453,18415.929203539825,8743.362831858409,18407.0796460177,18672.566371681416
2025-09-22,71070.79646017699,18362.83185840708,9017.699115044248,18407.0796460177,18672.566371681416
2025-09-23,70893.80530973453,18300.884955752215,9084.070796460177,18407.0796460177,18672.566371681416
2025-09-24,70920.35398230089,18300.884955752215,9101.769911504425,18407.0796460177,18672.566371681416
2025-09-25,73026.54867256638,18380.53097345133,9146.017699115046,18407.0796460177,18761.061946902657
2025-09-26,73150.44247787612,18380.53097345133,9305.309734513276,18407.0796460177,18761.061946902657
2025-09-29,72902.65486725664,18309.73451327434,9526.548672566372,18407.0796460177,18672.566371681416
2025-09-30,73575.22123893806,18336.283185840708,9628.318584070797,18407.0796460177,18672.566371681416
2025-10-09,76106.19469026549,18548.672566371682,9911.504424778763,18495.57522123894,18849.557522123894
2025-10-10,76787.61061946904,18566.37168141593,9747.78761061947,18495.57522123894,18938.053097345135
2025-10-13,75380.53097345133,18407.0796460177,9951.32743362832,18495.57522123894,18761.061946902657
2025-10-14,76168.14159292036,18486.725663716818,10508.849557522124,18495.57522123894,18849.557522123894
2025-10-15,75743.36283185841,18513.274336283186,10460.176991150443,18495.57522123894,18849.557522123894
2025-10-16,75619.46902654869,18539.82300884956,10738.938053097347,18495.57522123894,18849.557522123894
2025-10-17,75168.14159292036,18539.82300884956,10769.91150442478,18495.57522123894,18849.557522123894
2025-10-20,76097.34513274337,18522.12389380531,10442.477876106195,18495.57522123894,18849.557522123894
2025-10-21,76008.84955752213,18557.522123893807,10544.24778761062,18495.57522123894,18849.557522123894
2025-10-22,75327.43362831858,18566.37168141593,10061.946902654869,18495.57522123894,18849.557522123894
2025-10-23,75690.26548672566,18619.469026548675,10097.345132743363,18584.07079646018,18938.053097345135
2025-10-24,76557.52212389381,18690.265486725664,10101.769911504425,18672.566371681416,19026.548672566372
2025-10-27,78176.99115044248,18725.66371681416,10132.74336283186,18672.566371681416,19026.548672566372
2025-10-28,78088.49557522124,18725.66371681416,9902.654867256639,18672.566371681416,19026.548672566372
2025-10-29,77716.81415929204,18734.513274336285,9977.876106194692,18672.566371681416,19026.548672566372
2025-10-30,77929.20353982302,18761.061946902657,9938.053097345133,18672.566371681416,19026.548672566372
2025-10-31,77566.37168141594,18831.858407079646,10176.991150442478,18849.557522123894,19115.044247787613
2025-11-03,77008.84955752213,18973.45132743363,10061.946902654869,18938.053097345135,19203.53982300885
2025-11-04,76743.36283185841,18973.45132743363,10044.24778761062,18938.053097345135,19203.53982300885
2025-11-05,75681.41592920355,18849.557522123894,9902.654867256639,18849.557522123894,19115.044247787613
2025-11-06,76070.79646017699,18902.65486725664,10035.398230088496,18849.557522123894,19203.53982300885
2025-11-07,76212.38938053098,19061.94690265487,10132.74336283186,18938.053097345135,19380.53097345133
2025-11-10,76646.01769911505,19008.849557522124,10318.584070796462,18938.053097345135,19380.53097345133
2025-11-11,76946.90265486727,19132.74336283186,10557.522123893807,18938.053097345135,19469.02654867257
2025-11-12,77000.0,19176.991150442478,10615.044247787611,18938.053097345135,19469.02654867257
2025-11-13,77336.28318584072,19398.230088495577,11035.398230088496,19026.548672566372,19646.017699115047
2025-11-14,77168.14159292036,19389.380530973453,10991.150442477878,19026.548672566372,19646.017699115047
2025-11-17,76654.86725663718,19141.592920353985,10654.86725663717,18938.053097345135,19469.02654867257
2025-11-18,76194.69026548673,18991.15044247788,10455.752212389381,18849.557522123894,19292.03539823009
2025-11-19,76230.08849557523,19070.796460176993,10588.495575221239,18938.053097345135,19380.53097345133
2025-11-20,76575.22123893806,19088.49557522124,10747.78761061947,18938.053097345135,19380.53097345133
2025-11-21,76088.49557522124,18920.353982300887,10553.097345132745,18761.061946902657,19203.53982300885
2025-11-24,76380.53097345133,18902.65486725664,10482.300884955754,18761.061946902657,19203.53982300885
2025-11-25,76681.41592920355,18973.45132743363,10769.91150442478,18761.061946902657,19292.03539823009
2025-11-26,76805.30973451328,18938.053097345135,10823.008849557524,18761.061946902657,19292.03539823009
2025-11-27,77176.99115044248,19000.0,10986.725663716816,18849.557522123894,19380.53097345133
2025-11-28,77380.53097345133,18982.300884955755,11230.088495575223,18849.557522123894,19380.53097345133
2025-12-01,78991.15044247788,19221.2389380531,11946.902654867257,19026.548672566372,19646.017699115047
2025-12-02,78601.76991150444,19212.389380530974,11858.407079646018,19026.548672566372,19646.017699115047
2025-12-03,78893.80530973453,19292.03539823009,12168.141592920356,19026.548672566372,19734.513274336285
2025-12-04,80761.06194690266,19486.725663716818,12176.99115044248,19115.044247787613,19911.504424778763
2025-12-05,81008.84955752213,19548.672566371682,11884.95575221239,19115.044247787613,20000.000000000004
2025-12-08,81654.86725663718,19398.230088495577,12017.699115044248,19026.548672566372,19911.504424778763
2025-12-09,81725.66371681416,19371.681415929204,12092.920353982303,19026.548672566372,19911.504424778763
2025-12-10,81194.69026548673,19265.48672566372,12685.840707964602,19026.548672566372,19823.008849557526
2025-12-11,82221.23893805311,19371.681415929204,12951.32743362832,19115.044247787613,19911.504424778763
2025-12-12,83132.74336283187,19513.274336283186,13110.61946902655,19203.53982300885,20000.000000000004
2025-12-15,81823.00884955753,19212.389380530974,12977.876106194692,19115.044247787613,19823.008849557526
2025-12-16,81415.92920353982,19141.592920353985,13168.141592920356,19026.548672566372,19734.513274336285
2025-12-17,81681.41592920355,19247.78761061947,13500.000000000002,19026.548672566372,19823.008849557526
2025-12-18,81787.61061946904,19230.088495575223,13676.99115044248,19026.548672566372,19823.008849557526
2025-12-19,81982.30088495577,19309.73451327434,13424.778761061949,19115.044247787613,19911.504424778763
2025-12-22,83123.89380530974,19407.0796460177,14190.265486725664,19203.53982300885,20088.49557522124
2025-12-23,82902.65486725664,19353.982300884956,14473.45132743363,19203.53982300885,20000.000000000004
2025-12-24,84106.19469026549,19495.57522123894,15402.654867256639,19292.03539823009,20088.49557522124
2025-12-25,84132.74336283187,19451.32743362832,15194.690265486726,19292.03539823009,20088.49557522124
2025-12-26,86752.21238938054,19486.725663716818,16252.212389380533,19380.53097345133,20265.48672566372
2025-12-29,89637.16814159293,19902.65486725664,17039.82300884956,19557.522123893807,20530.973451327434
2025-12-30,86557.52212389381,19628.3185840708,16026.548672566374,19469.02654867257,20353.982300884956
2025-12-31,87982.30088495577,19876.106194690266,16424.77876106195,19557.522123893807,20619.469026548675
2026-01-05,89132.74336283187,20628.3185840708,16225.66371681416,20176.991150442478,21415.929203539825
2026-01-06,91893.80530973453,21159.292035398234,16977.876106194693,20530.973451327434,21946.90265486726
2026-01-07,91761.06194690266,21362.83185840708,17477.876106194693,20707.964601769912,22123.893805309737
2026-01-08,90814.1592920354,21238.938053097347,17376.106194690266,20707.964601769912,22035.398230088496
2026-01-09,89097.34513274337,21265.48672566372,16628.3185840708,20707.964601769912,22035.398230088496
2026-01-12,91398.23008849558,21539.82300884956,18283.185840707967,20973.45132743363,22566.37168141593
2026-01-13,90601.76991150444,21504.424778761066,18685.840707964602,20973.45132743363,22477.876106194693
2026-01-14,92212.38938053098,21831.85840707965,20292.03539823009,21150.44247787611,22743.36283185841
2026-01-15,91097.34513274337,21407.0796460177,19902.65486725664,20973.45132743363,22477.876106194693
2026-01-16,90159.29203539823,21256.637168141595,20371.681415929204,20973.45132743363,22389.380530973453
2026-01-19,89681.41592920355,21123.893805309737,20473.45132743363,20973.45132743363,22300.884955752215
2026-01-20,89123.89380530974,20964.601769911507,20694.690265486726,20884.95575221239,22212.389380530974
2026-01-21,88840.70796460178,20982.300884955755,20389.380530973453,20884.95575221239,22212.389380530974
2026-01-22,88831.85840707965,21008.849557522124,20300.884955752215,20884.95575221239,22212.389380530974
2026-01-23,89415.92920353982,21336.28318584071,22092.920353982303,21061.94690265487,22477.876106194693
2026-01-26,90707.96460176993,21265.48672566372,24389.380530973453,21061.94690265487,22477.876106194693
2026-01-27,89991.15044247788,21123.893805309737,25238.938053097347,20973.45132743363,22389.380530973453
2026-01-28,89964.60176991152,21469.02654867257,25681.415929203544,21150.44247787611,22654.86725663717
2026-01-29,90955.75221238939,22000.000000000004,27380.53097345133,21415.929203539825,23097.345132743365
2026-01-30,92566.37168141594,21823.008849557526,26924.77876106195,21327.433628318588,22920.353982300887
2026-02-02,89513.2743362832,20973.45132743363,22734.513274336285,20796.460176991153,22212.389380530974
2026-02-03,89716.81415929204,20610.61946902655,20707.964601769912,20707.964601769912,21946.90265486726
2026-02-04,92938.05309734514,21026.548672566372,22212.389380530974,20884.95575221239,22300.884955752215
2026-02-05,89610.61946902655,20654.86725663717,22898.230088495577,20796.460176991153,22123.893805309737
2026-02-06,88610.61946902655,20486.725663716818,19318.584070796463,20619.469026548675,21946.90265486726
2026-02-09,90035.39823008851,20707.964601769912,21646.017699115047,20796.460176991153,22123.893805309737
2026-02-10,90247.78761061947,20610.61946902655,20902.65486725664,20796.460176991153,22035.398230088496
2026-02-11,89761.06194690266,20584.07079646018,19942.477876106197,20796.460176991153,22035.398230088496
2026-02-12,90424.77876106196,20672.56637168142,20053.097345132745,20796.460176991153,22123.893805309737
2026-02-13,88911.50442477877,20495.57522123894,18230.088495575223,20707.964601769912,21946.90265486726
2026-02-24,90238.93805309736,20699.11504424779,20876.106194690266,20796.460176991153,22123.893805309737
2026-02-25,90469.02654867257,20690.265486725664,21504.424778761066,20796.460176991153,22123.893805309737
2026-02-26,90380.53097345134,20814.1592920354,21769.91150442478,20884.95575221239,22212.389380530974
2026-02-27,90504.42477876107,20716.814159292036,20778.761061946905,20884.95575221239,22123.893805309737
2026-03-02,90442.4778761062,20902.65486725664,21752.212389380533,21061.94690265487,22300.884955752215
2026-03-03,90185.84070796461,21194.690265486726,20601.769911504427,21150.44247787611,22477.876106194693
2026-03-04,90336.28318584072,21584.07079646018,19765.48672566372,21415.929203539825,22743.36283185841
2026-03-05,90035.39823008851,22230.088495575223,20053.097345132745,21769.91150442478,23185.840707964602
2026-03-06,89601.76991150444,21637.168141592923,19796.460176991153,21504.424778761066,22831.85840707965
2026-03-09,88893.80530973453,22336.28318584071,19176.991150442478,21858.40707964602,23362.83185840708
2026-03-10,89911.50442477877,21654.86725663717,20840.70796460177,21681.41592920354,22920.353982300887
2026-03-11,89734.51327433629,22150.44247787611,20544.24778761062,21946.90265486726,23274.336283185843
2026-03-12,89398.23008849558,22362.83185840708,19840.70796460177,22123.893805309737,23539.82300884956
2026-03-13,89106.19469026549,22230.088495575223,19681.41592920354,22123.893805309737,23451.32743362832
2026-03-16,88008.84955752213,21938.053097345135,18300.884955752215,22035.398230088496,23185.840707964602
2026-03-17,88911.50442477877,22035.398230088496,18601.769911504427,22035.398230088496,23274.336283185843
2026-03-18,87769.91150442479,21690.265486725664,17938.053097345135,21946.90265486726,23097.345132743365
2026-03-19,84707.96460176991,21672.56637168142,17035.398230088496,21946.90265486726,23097.345132743365
2026-03-20,84858.40707964603,21300.884955752215,16389.380530973453,21769.91150442478,22743.36283185841
2026-03-23,82469.02654867257,20743.36283185841,14805.309734513276,21592.920353982303,22389.380530973453
2026-03-24,83221.23893805311,20769.91150442478,14752.212389380533,21592.920353982303,22389.380530973453
2026-03-25,84867.25663716815,21026.548672566372,16358.40707964602,21769.91150442478,22566.37168141593
2026-03-26,84699.1150442478,20805.309734513277,15880.530973451328,21681.41592920354,22389.380530973453
2026-03-27,84699.1150442478,21070.796460176993,15283.185840707965,21769.91150442478,22654.86725663717
2026-03-30,84407.07964601771,21707.964601769912,15442.477876106195,22123.893805309737,23274.336283185843
2026-03-31,84769.91150442479,21778.761061946905,16345.132743362834,22123.893805309737,23362.83185840708
2026-04-01,85911.50442477877,21769.91150442478,16650.44247787611,22123.893805309737,23362.83185840708
2026-04-02,85265.48672566372,21796.460176991153,16203.53982300885,22123.893805309737,23362.83185840708
2026-04-03,85221.23893805311,21690.265486725664,15982.300884955754,22123.893805309737,23274.336283185843
2026-04-07,85672.56637168143,21663.716814159296,15929.203539823011,21946.90265486726,23097.345132743365
2026-04-08,86637.16814159293,21734.513274336285,16628.3185840708,21858.40707964602,23008.849557522128
2026-04-09,86477.8761061947,21592.920353982303,16097.345132743365,21681.41592920354,22654.86725663717
2026-04-10,87123.89380530974,21716.814159292036,16548.672566371682,21592.920353982303,22300.884955752215
2026-04-13,87584.07079646019,21637.168141592923,16309.734513274338,21504.424778761066,22212.389380530974
2026-04-14,89548.6725663717,21902.65486725664,16654.86725663717,21592.920353982303,22300.884955752215
2026-04-15,91230.08849557523,21902.65486725664,17610.61946902655,21592.920353982303,22300.884955752215
2026-04-16,90699.1150442478,22212.389380530974,17575.221238938055,21769.91150442478,22566.37168141593
2026-04-17,90407.07964601771,22265.48672566372,17230.088495575223,21769.91150442478,22566.37168141593
2026-04-20,91132.74336283187,22044.24778761062,17699.11504424779,21681.41592920354,22389.380530973453
2026-04-21,90522.12389380531,21831.85840707965,17522.12389380531,21504.424778761066,22212.389380530974
2026-04-22,90628.3185840708,21920.353982300887,17132.74336283186,21504.424778761066,22300.884955752215
2026-04-23,91274.33628318585,21929.20353982301,17026.548672566372,21504.424778761066,22300.884955752215
2026-04-24,90982.30088495577,21902.65486725664,16619.469026548675,21415.929203539825,22212.389380530974
2026-04-27,91212.38938053098,21955.752212389383,16566.37168141593,21415.929203539825,22212.389380530974
2026-04-28,90469.02654867257,21654.86725663717,16367.256637168142,21150.44247787611,21946.90265486726
2026-04-29,90115.04424778762,21663.716814159296,15951.32743362832,21150.44247787611,21946.90265486726
2026-04-30,90026.54867256638,21584.07079646018,15969.026548672568,21061.94690265487,21858.40707964602
2026-05-06,90920.35398230089,21707.964601769912,16429.20353982301,21150.44247787611,21946.90265486726
2026-05-07,91115.04424778762,21283.185840707967,17150.44247787611,20884.95575221239,21592.920353982303
2026-05-08,91159.29203539823,21433.628318584073,17495.575221238938,20884.95575221239,21681.41592920354
2026-05-11,92522.12389380531,21584.07079646018,17619.469026548675,20973.45132743363,21858.40707964602
2026-05-12,94504.42477876107,21575.221238938055,18743.36283185841,20973.45132743363,21858.40707964602
2026-05-13,96283.18584070797,21743.36283185841,18884.95575221239,20973.45132743363,21946.90265486726
2026-05-14,95345.13274336285,21778.761061946905,18969.02654867257,20973.45132743363,22035.398230088496
2026-05-15,93619.46902654869,21566.37168141593,17548.672566371682,20884.95575221239,21858.40707964602
2026-05-18,92460.17699115045,21283.185840707967,16234.513274336285,20707.964601769912,21592.920353982303
2026-05-19,92274.33628318585,21415.929203539825,16623.893805309737,20707.964601769912,21725.66371681416
2026-05-20,91610.61946902655,21469.02654867257,15982.300884955754,20707.964601769912,21725.66371681416
2026-05-21,93292.0353982301,21584.07079646018,16535.398230088496,20796.460176991153,21814.1592920354
2026-05-22,92654.86725663718,21548.672566371682,16548.672566371682,20796.460176991153,21814.1592920354
2026-05-25,93584.07079646019,21513.274336283186,16814.1592920354,20796.460176991153,21814.1592920354
2026-05-26,92831.85840707965,21309.73451327434,16442.477876106197,20796.460176991153,21725.66371681416
2026-05-27,92929.20353982302,21584.07079646018,16539.82300884956,20973.45132743363,21902.65486725664
2026-05-28,91716.81415929204,21362.83185840708,15650.442477876108,20884.95575221239,21681.41592920354
2026-05-29,92831.85840707965,21424.77876106195,16305.309734513276,20884.95575221239,21681.41592920354
2026-06-01,92946.90265486727,21407.0796460177,16092.920353982303,20884.95575221239,21681.41592920354
2026-06-02,93752.21238938054,21530.973451327434,15955.752212389381,20973.45132743363,21769.91150442478
2026-06-03,94389.38053097346,21646.017699115047,15951.32743362832,21061.94690265487,21858.40707964602
2026-06-04,93318.58407079647,21424.77876106195,15663.716814159294,20973.45132743363,21681.41592920354
2026-06-05,93389.38053097346,21433.628318584073,15535.398230088496,20973.45132743363,21681.41592920354
2026-06-08,92283.18584070797,21238.938053097347,14477.876106194692,20796.460176991153,21504.424778761066
2026-06-09,92256.6371681416,21150.44247787611,14442.477876106195,20796.460176991153,21504.424778761066
2026-06-10,92185.84070796461,21044.24778761062,13707.964601769912,20796.460176991153,21415.929203539825
2026-06-11,91477.8761061947,21212.389380530974,13619.469026548673,20884.95575221239,21504.424778761066
2026-06-12,92672.56637168143,21362.83185840708,14150.442477876108,21061.94690265487,21681.41592920354
2026-06-15,93761.06194690266,21353.982300884956,14942.477876106195,21061.94690265487,21681.41592920354
2026-06-16,92814.1592920354,21061.94690265487,14690.265486725664,21061.94690265487,21415.929203539825
2026-06-17,93495.57522123895,21123.893805309737,14889.380530973453,21150.44247787611,21504.424778761066
2026-06-18,93159.29203539823,21123.893805309737,14734.513274336285,21150.44247787611,21504.424778761066
2026-06-22,92557.52212389381,21123.893805309737,13991.150442477878,21150.44247787611,21504.424778761066
2026-06-23,92345.13274336285,21061.94690265487,13610.61946902655,21150.44247787611,21415.929203539825
2026-06-24,91513.2743362832,20769.91150442478,13123.893805309735,20973.45132743363,21150.44247787611
2026-06-25,89539.82300884956,20221.2389380531,12230.088495575223,20796.460176991153,20707.964601769912
2026-06-26,90000.00000000001,20247.78761061947,12269.91150442478,20796.460176991153,20707.964601769912
2026-06-29,90707.96460176993,20300.884955752215,12530.973451327434,20884.95575221239,20707.964601769912
2026-06-30,90504.42477876107,19911.504424778763,12323.008849557524,20707.964601769912,20353.982300884956
2026-07-01,90504.42477876107,19699.11504424779,12469.026548672568,20707.964601769912,20176.991150442478
2026-07-02,90707.96460176993,19946.90265486726,12893.805309734515,20796.460176991153,20353.982300884956
2026-07-03,91292.0353982301,20141.592920353985,13415.929203539825,20884.95575221239,20442.477876106197
2026-07-06,91522.12389380531,20212.389380530974,13477.876106194692,20973.45132743363,20530.973451327434
2026-07-07,91469.02654867257,20300.884955752215,13234.513274336285,21061.94690265487,20619.469026548675
2026-07-08,91247.78761061947,20389.380530973453,12946.902654867257,21061.94690265487,20707.964601769912
2026-07-09,91000.00000000001,20318.584070796463,12566.37168141593,21061.94690265487,20619.469026548675
2026-07-10,92292.0353982301,20460.176991150445,12955.752212389381,21150.44247787611,20707.964601769912
2026-07-13,91530.97345132745,20353.982300884956,12637.168141592922,21150.44247787611,20619.469026548675
2026-07-14,92442.4778761062,20592.920353982303,12336.28318584071,21238.938053097347,20796.460176991153
2026-07-15,93123.89380530974,20513.274336283186,12637.168141592922,21238.938053097347,20796.460176991153
2026-07-16,92548.6725663717,20504.424778761066,12283.185840707965,21238.938053097347,20796.460176991153
2026-07-17,92256.6371681416,20548.672566371682,11876.106194690266,21238.938053097347,20796.460176991153
2026-07-20,92690.26548672568,20522.12389380531,12146.017699115046,21238.938053097347,20796.460176991153
2026-07-21,93176.99115044248,20424.77876106195,12247.78761061947,21150.44247787611,20707.964601769912
2026-07-22,94486.72566371682,20504.424778761066,12911.504424778763,21150.44247787611,20796.460176991153
2026-07-23,94362.8318584071,20584.07079646018,12884.95575221239,21150.44247787611,20884.95575221239
2026-07-24,93230.08849557523,20530.973451327434,12455.752212389381,21150.44247787611,20884.95575221239
2026-07-27,93601.76991150444,20530.973451327434,12911.504424778763,21150.44247787611,20884.95575221239
2026-07-28,93300.88495575222,20530.973451327434,12376.106194690266,21150.44247787611,20884.95575221239
2026-07-29,93221.23893805311,20707.964601769912,12433.628318584071,21238.938053097347,21061.94690265487
2026-07-30,93566.37168141594,20911.504424778763,12654.86725663717,21327.433628318588,21238.938053097347
2026-07-31,93938.05309734514,20911.504424778763,12646.017699115046,21327.433628318588,21238.938053097347
2026-08-03,94008.84955752213,20796.460176991153,12539.823008849558,21238.938053097347,21150.44247787611
2026-08-04,94637.16814159293,20991.15044247788,12628.318584070797,21327.433628318588,21327.433628318588
2026-08-05,94938.05309734514,20964.601769911507,12884.95575221239,21327.433628318588,21327.433628318588
2026-08-06,95876.10619469028,21061.94690265487,13429.203539823011,21415.929203539825,21415.929203539825
2026-08-07,96194.69026548673,21212.389380530974,13367.256637168142,21504.424778761066,21592.920353982303
2026-08-10,95654.86725663718,21230.088495575223,13637.168141592922,21504.424778761066,21592.920353982303
