month,1#铜_月均价,1#铜_价格月环比,A00铝_月均价,A00铝_价格月环比,1#白银_月均价,1#白银_价格月环比,ADC12_月均价,ADC12_价格月环比,ZLD104_月均价,ZLD104_价格月环比,ADC12_A00价差,ADC12_A00价差_变化,ADC12_A00价差_环比,ADC12_A00价差_滞后1期,ADC12_A00价差_滞后1期变化,ZLD104_A00价差,ZLD104_A00价差_变化,ZLD104_A00价差_环比,ZLD104_A00价差_滞后1期,ZLD104_A00价差_滞后1期变化,SHFE铜仓单库存,SHFE铝仓单库存,SHFE铜仓单库存_变化率,SHFE铝仓单库存_变化率,SHFE铜主连成交量,SHFE铜主连持仓量,SHFE铜主连收盘价,SHFE铜主连成交量_变化率,SHFE铜主连持仓量_变化率,SHFE铝主连成交量,SHFE铝主连持仓量,SHFE铝主连收盘价,SHFE铝主连成交量_变化率,SHFE铝主连持仓量_变化率,光缆产量当期值,发电机组产量当期值,发电量当期值,家用电冰箱产量当期值,房间空气调节器产量当期值,新能源汽车产量当期值,汽车产量当期值,电线电缆光缆及电工器材制造PPI,汽车销量Top50厂商合计,汽车销量Top50厂商合计_变化率,制造业PMI,制造业PMI同比增长,非制造业PMI,非制造业PMI同比增长,房地产开发景气指数,房地产开发景气指数环比,房地产开发景气指数近1年涨跌幅,工业增加值同比增长,工业增加值累计增长,PPI当月指数,PPI当月同比增长,PPI累计指数,当月出口额,当月出口额同比增长,当月出口额环比增长,当月进口额,当月进口额同比增长,当月进口额环比增长,企业商品价格总指数,企业商品价格总指数同比增长,企业商品价格总指数环比增长,企业商品价格矿产品指数,企业商品价格矿产品同比增长,企业商品价格矿产品环比增长,企业商品价格煤油电指数,企业商品价格煤油电同比增长,企业商品价格煤油电环比增长,中国经济政策不确定性指数,中国贸易政策不确定性指数,全球经济政策不确定性指数,中国经济政策不确定性指数_变化,中国经济政策不确定性指数_环比,中国贸易政策不确定性指数_变化,中国贸易政策不确定性指数_环比,全球经济政策不确定性指数_变化,全球经济政策不确定性指数_环比,废铜进口量,废铝进口量,废铜进口量_变化,废铜进口量_环比,废铝进口量_变化,废铝进口量_环比,铜矿砂及其精矿进口数量,铜矿砂及其精矿进口金额,ADC12_A00价差_变化_变化,ADC12_A00价差_变化_环比,ADC12_A00价差_环比_变化,ADC12_A00价差_环比_环比,ADC12_A00价差_滞后1期_变化,ADC12_A00价差_滞后1期_环比,ADC12_A00价差_滞后1期变化_变化,ADC12_A00价差_滞后1期变化_环比,ZLD104_A00价差_变化_变化,ZLD104_A00价差_变化_环比,ZLD104_A00价差_环比_变化,ZLD104_A00价差_环比_环比,ZLD104_A00价差_滞后1期_变化,ZLD104_A00价差_滞后1期_环比,ZLD104_A00价差_滞后1期变化_变化,ZLD104_A00价差_滞后1期变化_环比,SHFE铜仓单库存_变化,SHFE铜仓单库存_环比,SHFE铝仓单库存_变化,SHFE铝仓单库存_环比,SHFE铜主连成交量_变化,SHFE铜主连成交量_环比,SHFE铜主连持仓量_变化,SHFE铜主连持仓量_环比,SHFE铜主连收盘价_变化,SHFE铜主连收盘价_环比,SHFE铝主连成交量_变化,SHFE铝主连成交量_环比,SHFE铝主连持仓量_变化,SHFE铝主连持仓量_环比,SHFE铝主连收盘价_变化,SHFE铝主连收盘价_环比,光缆产量当期值_变化,光缆产量当期值_环比,发电机组产量当期值_变化,发电机组产量当期值_环比,发电量当期值_变化,发电量当期值_环比,家用电冰箱产量当期值_变化,家用电冰箱产量当期值_环比,房间空气调节器产量当期值_变化,房间空气调节器产量当期值_环比,新能源汽车产量当期值_变化,新能源汽车产量当期值_环比,汽车产量当期值_变化,汽车产量当期值_环比,电线电缆光缆及电工器材制造PPI_变化,电线电缆光缆及电工器材制造PPI_环比,汽车销量Top50厂商合计_变化,汽车销量Top50厂商合计_环比,制造业PMI_变化,制造业PMI_环比,制造业PMI同比增长_变化,制造业PMI同比增长_环比,非制造业PMI_变化,非制造业PMI_环比,非制造业PMI同比增长_变化,非制造业PMI同比增长_环比,房地产开发景气指数_变化,房地产开发景气指数_环比,房地产开发景气指数环比_变化,房地产开发景气指数环比_环比,房地产开发景气指数近1年涨跌幅_变化,房地产开发景气指数近1年涨跌幅_环比,工业增加值同比增长_变化,工业增加值同比增长_环比,工业增加值累计增长_变化,工业增加值累计增长_环比,PPI当月指数_变化,PPI当月指数_环比,PPI当月同比增长_变化,PPI当月同比增长_环比,PPI累计指数_变化,PPI累计指数_环比,当月出口额_变化,当月出口额_环比,当月出口额同比增长_变化,当月出口额同比增长_环比,当月出口额环比增长_变化,当月出口额环比增长_环比,当月进口额_变化,当月进口额_环比,当月进口额同比增长_变化,当月进口额同比增长_环比,当月进口额环比增长_变化,当月进口额环比增长_环比,企业商品价格总指数_变化,企业商品价格总指数_环比,企业商品价格总指数同比增长_变化,企业商品价格总指数同比增长_环比,企业商品价格总指数环比增长_变化,企业商品价格总指数环比增长_环比,企业商品价格矿产品指数_变化,企业商品价格矿产品指数_环比,企业商品价格矿产品同比增长_变化,企业商品价格矿产品同比增长_环比,企业商品价格矿产品环比增长_变化,企业商品价格矿产品环比增长_环比,企业商品价格煤油电指数_变化,企业商品价格煤油电指数_环比,企业商品价格煤油电同比增长_变化,企业商品价格煤油电同比增长_环比,企业商品价格煤油电环比增长_变化,企业商品价格煤油电环比增长_环比,中国经济政策不确定性指数_变化_变化,中国经济政策不确定性指数_变化_环比,中国经济政策不确定性指数_环比_变化,中国经济政策不确定性指数_环比_环比,中国贸易政策不确定性指数_变化_变化,中国贸易政策不确定性指数_变化_环比,中国贸易政策不确定性指数_环比_变化,中国贸易政策不确定性指数_环比_环比,全球经济政策不确定性指数_变化_变化,全球经济政策不确定性指数_变化_环比,全球经济政策不确定性指数_环比_变化,全球经济政策不确定性指数_环比_环比,废铜进口量_变化_变化,废铜进口量_变化_环比,废铜进口量_环比_变化,废铜进口量_环比_环比,废铝进口量_变化_变化,废铝进口量_变化_环比,废铝进口量_环比_变化,废铝进口量_环比_环比,铜矿砂及其精矿进口数量_变化,铜矿砂及其精矿进口数量_环比,铜矿砂及其精矿进口金额_变化,铜矿砂及其精矿进口金额_环比,LC成交量_环比,LC持仓量_环比,LC价格波动率,LC合约切换
2021-07-01,69725.90909090909,,19169.545454545456,,5345.227272727273,,18113.636363636364,,,,-1055.909090909092,,,,,,,,,,187060.0,358722.0,-53.05567266959786,28.5184561534245,2530876.0,136097.0,71820.0,-7.146305848858625,12.47500041321632,4928471.0,288737.0,20085.0,-5.053912587823484,36.04653354316463,2615.2,1107.9,7586.2,741.0,1801.8,512.7,185.3,116.9,1486476.0,-6.361593081795869,50.4,-1.36986301,53.3,-1.66051661,100.97,-0.08905601,0.81877184,6.4,14.4,109.0,9.0,105.7,281278374.566,19.2,0.34752513,226438840.556,28.2,-1.91739628,107.9,9.54314721,-0.18501388,121.0,18.86051081,-0.41152263,115.3,28.25361513,0.34812881,227.924511338185,120.193354216639,189.07865457809663,,,,,,,,,,,,,2340.0,56994.71,,,,,,,,,,,,,,,,,,,,,,,,,,,,,,,,,,,,,,,,,,,,,,,,,,,,,,,,,,,,,,,,,,,,,,,,,,,,,,,,,,,,,,,,,,,,,,,,,,,,,,,,,,,,,,,,,,,,,,,,,,,,,,,,,,,,
2021-08-01,69764.54545454546,0.0554117746761617,20207.272727272728,5.413416166741758,5109.772727272727,-4.404949190016594,19186.36363636364,5.922208281053942,,,-1020.909090909092,35.0,-3.314679294016354,-1055.909090909092,,,,,,,99912.0,298910.0,-46.58826045119213,-16.67363585171804,2513800.0,132113.0,70100.0,-0.6747070974634894,-2.927323893987377,5672924.0,337296.0,21385.0,15.105151273082472,16.8177268586984,2961.1,1365.3,7383.5,736.4,1491.2,481.8,173.4,116.4,1488923.0,0.1646175249381709,50.1,-1.76470588,47.5,-13.94927536,100.82,-0.14855898,0.43833433,5.3,13.1,109.5,9.5,106.2,293171355.052,25.4,4.22818871,234726151.146,32.7,3.659845,107.6,8.79676441,-0.27803522,116.3,12.36714976,-3.88429752,115.1,26.34467618,-0.17346054,294.827804953211,315.5212,201.28162501514728,66.903293615026,29.35326842305155,195.32784578336103,162.51135269201163,12.202970437050652,6.453912243177284,,,,,,,2340.0,56994.71,,,,,,,,,,,,,,,,,-87148.0,-46.58826045119213,-59812.0,-16.67363585171804,-17076.0,-0.6747070974634894,-3984.0,-2.927323893987377,-1720.0,-2.3948760790866053,744453.0,15.105151273082472,48559.0,16.8177268586984,1300.0,6.472491909385103,345.9000000000001,13.226521872132157,257.39999999999986,23.2331437855402,-202.69999999999985,-2.67195697450634,-4.600000000000023,-0.6207827260458876,-310.5999999999999,-17.238317238317237,-30.900000000000038,-6.026916325336462,-11.900000000000006,-6.422018348623859,-0.5,-0.4277159965782706,2447.0,0.1646175249381709,-0.2999999999999971,-0.5952380952380931,-0.3948428699999999,28.82352958782353,-5.799999999999997,-10.88180112570356,-12.28875875,740.0563581233914,-0.1500000000000056,-0.1485589779142371,-0.05950297,66.81522111758656,-0.38043751,-46.46441064704913,-1.1000000000000003,-17.18750000000001,-1.3000000000000007,-9.02777777777778,0.5,0.4587155963302836,0.5,5.555555555555558,0.5,0.4730368968779652,11892980.486,4.228188713174386,6.199999999999999,32.29166666666667,3.88066358,1116.656968087459,8287310.590000004,3.659845002584916,4.500000000000004,15.957446808510657,5.57724128,-290.8757745164708,-0.3000000000000113,-0.2780352177942591,-0.746382800000001,-7.821138913354364,-0.09302134,50.27803319405011,-4.700000000000003,-3.884297520661162,-6.493361050000001,-34.42834139230824,-3.47277489,843.8843059493472,-0.2000000000000028,-0.1734605377276654,-1.90893895,-6.756441401274227,-0.52158935,-149.82653977991652,,,,,,,,,,,,,,,,,,,,,0.0,0.0,0.0,0.0,,,,
2021-09-01,69734.5,-0.0430669394456684,22379.5,10.74973007018174,4995.0,-2.2461415291553544,22465.0,17.08836768538262,,,85.5,1106.409090909092,-108.37488869100622,-1020.909090909092,35.0,,,,,,40328.0,394798.0,-59.63648010249018,32.07922117025193,2277547.0,119551.0,67950.0,-9.398241705784072,-9.508526791458827,8129174.0,242075.0,22565.0,43.29777730144102,-28.23069351548788,2907.5,1251.3,6751.2,763.8,1508.1,525.7,218.6,117.6,1708652.0,14.757579807686504,49.6,-3.68932039,53.2,-4.83005367,100.7,-0.119024,0.22892406,3.1,11.8,110.7,10.7,106.7,304698741.987,28.0,3.93196222,237162126.359,17.2,1.03779455,107.9,9.32117528,0.27881041,114.4,10.31822565,-1.63370593,117.6,29.08891328,2.17202433,274.950023143039,236.324312700026,211.94786926470647,-19.877781810172,-6.74216660580117,-79.19688729997401,-25.10033788536998,10.666244249559185,5.299164416402391,,,,,,,2340.0,56994.71,1071.409090909092,3061.168831168834,-105.06020939698986,3169.543719859841,35.0,-3.314679294016354,,,,,,,,,,,-59584.0,-59.63648010249018,95888.0,32.07922117025193,-236253.0,-9.398241705784072,-12562.0,-9.508526791458827,-2150.0,-3.0670470756062773,2456250.0,43.29777730144102,-95221.0,-28.23069351548788,1180.0,5.517886368950209,-53.59999999999991,-1.810138124345684,-114.0,-8.349813227862013,-632.3000000000002,-8.56368930723912,27.399999999999977,3.72080391091798,16.899999999999864,1.1333154506437682,43.900000000000034,9.111664591116654,45.19999999999999,26.066897347174155,1.1999999999999886,1.0309278350515427,219729.0,14.757579807686504,-0.5,-0.9980039920159722,-1.92461451,109.0614890454153,5.700000000000003,12.00000000000001,9.11922169,-65.37416069762064,-0.1199999999999903,-0.119024003173962,0.02953498,-19.88097925820439,-0.2094102699999999,-47.7740974566149,-2.2,-41.50943396226416,-1.299999999999999,-9.9236641221374,1.2000000000000028,1.0958904109588996,1.1999999999999993,12.631578947368416,0.5,0.4708097928436849,11527386.935000002,3.9319622249436303,2.6000000000000014,10.236220472440948,-0.2962264900000004,-7.005990278991126,2435975.2129999995,1.037794553826599,-15.500000000000004,-47.40061162079512,-2.62205045,-71.64375677112008,0.3000000000000113,0.2788104089219478,0.5244108700000005,5.961406325760632,0.55684563,-200.27881000112143,-1.8999999999999917,-1.6337059329320611,-2.04892411,-16.56747229363219,2.25059159,-57.94076222050055,2.5,2.1720243266724504,2.7442370999999994,10.41666665875869,2.34548487,-1352.1720098415467,-86.781075425198,-129.71121560106212,-36.09543502885272,-122.96904899526096,-274.52473308333504,-140.54562061151876,-187.6116905773816,-115.44528272614878,-1.5367261874914675,-12.593050154621864,-1.1547478267748934,-17.89221457102439,,,,,,,,,0.0,0.0,0.0,0.0,,,,
2021-10-01,72616.875,4.133355799496652,22371.875,-0.0340713599499498,4910.0,-1.7017017017016969,22756.25,1.2964611618072608,,,384.375,298.875,349.56140350877195,85.5,1106.409090909092,,,,,,47540.0,538082.0,17.8833564768895,36.29299033936342,2763901.0,150947.0,70540.0,21.35429038346959,26.26159546971585,9871374.0,223012.0,19870.0,21.43145170714762,-7.87483218010947,2511.2,1485.9,6393.5,763.6,1454.9,567.2,234.4,118.7,1941260.0,13.613538625770484,49.2,-4.28015564,52.4,-6.76156584,100.57,-0.12909633,0.0198906,3.5,10.9,113.5,13.5,107.3,299119981.769,26.9,-1.83091016,214714423.709,20.4,-9.46512961,110.1,11.77664975,2.03892493,111.4,5.79297246,-2.62237762,123.7,37.13968958,5.18707483,248.473635337268,249.413314308698,187.23984337845152,-26.476387805771,-9.629527396692383,13.089001608671992,5.538575976008975,-24.708025886254944,-11.65759579087654,,,,,,,2340.0,56994.71,-807.5340909090919,-72.9869356230229,457.93629219977817,-422.5483391317949,1106.409090909092,-108.37488869100622,1071.409090909092,3061.168831168834,,,,,,,,,7212.0,17.8833564768895,143284.0,36.29299033936342,486354.0,21.35429038346959,31396.0,26.26159546971585,2590.0,3.811626195732165,1742200.0,21.43145170714762,-19063.0,-7.87483218010947,-2695.0,-11.943274983381349,-396.3000000000002,-13.630266552020643,234.6000000000001,18.748501558379303,-357.6999999999998,-5.298317336177272,-0.1999999999999318,-0.0261848651479379,-53.19999999999982,-3.5276175319938874,41.5,7.894236256420006,15.800000000000011,7.227813357731017,1.1000000000000083,0.9353741496598732,232608.0,13.613538625770484,-0.3999999999999986,-0.8064516129032251,-0.5908352500000005,16.014744927046042,-0.8000000000000043,-1.5037593984962516,-1.9315121700000004,39.98945564511709,-0.1300000000000096,-0.1290963257199684,-0.01007233,8.462436147331642,-0.20903346,-91.31126715121162,0.3999999999999999,12.9032258064516,-0.9000000000000004,-7.6271186440677985,2.799999999999997,2.529358626919609,2.8000000000000007,26.16822429906542,0.5999999999999943,0.5623242736644718,-5578760.217999995,-1.8309101578890097,-1.1000000000000014,-3.928571428571437,-5.76287238,-146.56479532501714,-22447702.65000001,-9.465129611808331,3.1999999999999997,18.604651162790688,-10.50292416,-1012.0427169327492,2.1999999999999886,2.0389249304911816,2.4554744700000004,26.34297066882321,1.76011452,631.294405398995,-3.0,-2.622377622377625,-4.525253190000001,-43.85689306959478,-0.98867169,60.51711460703333,6.1000000000000085,5.18707482993197,8.050776300000003,27.676442301250525,3.0150505,138.8129248073386,-6.5986059955990015,33.195887039178174,-2.887360790891213,42.82541443587049,92.285888908646,-116.52716672953925,30.63891386137896,-122.06574270554816,-35.37427013581413,-331.6469162730459,-16.956760207278933,-319.98932048216943,,,,,,,,,0.0,0.0,0.0,0.0,,,,
2021-11-01,71430.45454545454,-1.6338081947831815,19095.0,-14.647297108534708,4969.318181818182,1.208109609331598,19759.090909090908,-13.170707348131138,,,664.0909090909081,279.7159090909081,72.7716186252769,384.375,298.875,,,,,,47144.0,863209.0,-0.8329827513672727,60.42331837898314,2774790.0,155294.0,69450.0,0.3939721429964349,2.879818744327478,9132070.0,203468.0,18905.0,-7.489372806662986,-8.763653973777197,3064.0,1713.3,6540.4,808.5,1662.8,934.7,267.3,118.5,2112548.0,8.823547592800551,50.1,-3.83877159,52.3,-7.26950355,100.45,-0.11931988,-0.14910537,3.8,10.1,112.9,12.9,107.9,324277287.765,21.7,8.4104398,253012219.015,31.4,17.83661975,109.8,10.90909091,-0.27247956,107.8,1.31578947,-3.23159785,123.8,36.64459161,0.08084074,329.069390994896,520.640198349835,229.32187991367329,80.59575565762802,32.43634100182524,271.22688404113705,108.74595239347984,42.08203653522176,22.474936838184068,,,,,,,2340.0,56994.71,-19.1590909090919,-6.410402646287549,-276.78978488349503,-79.18202127156445,298.875,349.56140350877195,-807.5340909090919,-72.9869356230229,,,,,,,,,-396.0,-0.8329827513672727,325127.0,60.42331837898314,10889.0,0.3939721429964349,4347.0,2.879818744327478,-1090.0,-1.5452225687553112,-739304.0,-7.489372806662986,-19544.0,-8.763653973777197,-965.0,-4.856567689984903,552.8000000000002,22.013380057343102,227.39999999999984,15.303856248738136,146.89999999999964,2.297646046766233,44.89999999999998,5.8800419067574605,207.89999999999984,14.28964189978692,367.5,64.7919605077574,32.900000000000006,14.035836177474415,-0.2000000000000028,-0.1684919966301601,171288.0,8.823547592800551,0.8999999999999986,1.8292682926829285,0.4413840500000003,-10.31233644578402,-0.1000000000000014,-0.1908396946564861,-0.5079377099999993,7.512131391151233,-0.1199999999999903,-0.1193198767027836,0.00977645,-7.572988325849394,-0.16899597,-849.6273113933214,0.2999999999999998,8.571428571428562,-0.8000000000000007,-7.339449541284415,-0.5999999999999943,-0.528634361233471,-0.5999999999999996,-4.444444444444439,0.6000000000000085,0.5591798695246952,25157305.995999992,8.410439799848657,-5.199999999999999,-19.33085501858736,10.24134996,-559.3584100270655,38297795.306,17.836619750289607,11.0,53.92156862745099,27.30174936,-288.44559435462395,-0.2999999999999971,-0.2724795640326904,-0.8675588400000009,-7.366771182101262,-2.31140449,-113.36388387776496,-3.6000000000000085,-3.2315978456014416,-4.477182989999999,-77.2864539045297,-0.60922023,23.231598125063325,0.0999999999999943,0.0808407437348446,-0.4950979700000033,-1.333069757983696,-5.10623409,-98.44149655346304,107.07214346339902,-404.4061608738815,42.06586839851762,-436.8425018757068,258.13788243246506,1972.1739682684297,103.20737641747088,1863.4280158749536,66.7900624214767,-270.31727556442286,34.132532629060606,-292.79221240260694,,,,,,,,,0.0,0.0,0.0,0.0,,,,
2021-12-01,69804.34782608696,-2.276489390576142,19303.043478260868,1.0895180846340224,4702.826086956522,-5.362749679356527,19678.260869565216,-0.4090777247677035,,,375.217391304348,-288.8735177865601,-43.49909234294547,664.0909090909081,279.7159090909081,,,,,,27920.0,923851.0,-40.777193280162905,7.025181618819998,2087674.0,133670.0,70380.0,-24.76281087938186,-13.924556003451515,6843269.0,207785.0,20380.0,-25.063331752822748,2.1217095562938715,3110.8,1874.1,7233.7,757.8,1963.5,748.3,296.6,115.6,2323165.0,9.969808970021043,50.3,-3.08285164,52.7,-5.38599641,100.28,-0.16923843,-0.57505453,4.3,9.6,110.3,10.3,108.1,339662266.173,20.9,4.74438975,246454139.93,19.5,-2.59200094,107.5,7.28542914,-2.09471767,104.2,-4.13983441,-3.33951763,118.6,28.07775378,-4.2003231,344.003352178407,318.90369755737,258.40928353024697,14.933961183510974,4.538240745625166,-201.73650079246505,-38.74777657043526,29.08740361657368,12.684094351364749,,,,,,,2340.0,56994.71,-568.5894268774682,-203.2738962633247,-116.27071096822236,-159.77480392037927,279.7159090909081,72.7716186252769,-19.1590909090919,-6.410402646287549,,,,,,,,,-19224.0,-40.777193280162905,60642.0,7.025181618819998,-687116.0,-24.76281087938186,-21624.0,-13.924556003451515,930.0,1.3390928725701912,-2288801.0,-25.063331752822748,4317.0,2.1217095562938715,1475.0,7.802168738428983,46.80000000000018,1.527415143603128,160.79999999999995,9.385396603046756,693.3000000000002,10.600269096691338,-50.700000000000045,-6.2708719851577,300.70000000000005,18.083954775078183,-186.4000000000001,-19.942227452658614,29.30000000000001,10.961466517022078,-2.9000000000000057,-2.4472573839662504,210617.0,9.969808970021043,0.1999999999999957,0.3992015968063755,0.75591995,-19.69171471335183,0.4000000000000057,0.7648183556405508,1.88350714,-25.90970796073137,-0.1700000000000017,-0.1692384270781555,-0.0499185499999999,41.83590362310119,-0.4259491599999999,285.66989907875217,0.5,13.157894736842104,-0.5,-4.950495049504955,-2.6000000000000085,-2.3029229406554497,-2.6,-20.15503875968992,0.1999999999999886,0.1853568118628246,15384978.407999992,4.7443897517575495,-0.8000000000000007,-3.686635944700467,-3.666050050000001,-43.5892787675622,-6558079.084999979,-2.592000935975025,-11.9,-37.898089171974526,-20.42862069,-114.53190669717564,-2.299999999999997,-2.094717668488155,-3.62366177,-33.21689955556526,-1.82223811,668.7613962676687,-3.5999999999999943,-3.3395176252319025,-5.455623879999999,-414.62741604095686,-0.10791978,3.339517632121214,-5.200000000000003,-4.200323101777059,-8.56683783,-23.37817793461828,-4.2811638400000005,-5295.799914745957,-65.66179447411704,-81.47053643004395,-27.898100256200077,-86.00877717566912,-472.9633848336021,-174.379242126259,-147.49372896391512,-135.63146555582375,-12.99463291864808,-30.87928719365055,-9.79084248681932,-43.56338154501528,,,,,,,,,0.0,0.0,0.0,0.0,,,,
2022-01-01,70595.26315789473,1.1330459440410223,21212.63157894737,9.892678855731152,4770.263157894737,1.4339690579937558,20368.42105263158,3.507221434053553,,,-844.21052631579,-1219.427917620138,-324.9923766542661,375.217391304348,-288.8735177865601,,,,,,60496.0,570902.0,116.67621776504298,-38.20410434150096,1654739.0,129300.0,70290.0,-20.73767264429216,-3.2692451559811486,5266441.0,203307.0,21950.0,-23.042028597735964,-2.1551122554563595,,,,,,,,114.6,2135763.0,-8.066667671043593,50.1,-2.33918129,51.1,-2.48091603,96.82,-3.45033905,-4.24290377,,,109.1,9.1,109.1,323277032.3,24.0,-4.82397826,243971523.1,21.0,-1.0073342,106.4,5.13833992,-1.02325581,103.4,-6.59439928,-0.76775432,118.0,25.93383138,-0.50590219,319.071530807706,415.045,221.70366663726656,-24.931821370701016,-7.247551866230328,96.14130244263004,30.14744049034881,-36.7056168929804,-14.204449774995789,,,,,,,2523.0,55990.42,-930.554399833578,322.13212445494446,-281.4932843113206,647.1245011092104,-288.8735177865601,-43.49909234294547,-568.5894268774682,-203.2738962633247,,,,,,,,,32576.0,116.67621776504298,-352949.0,-38.20410434150096,-432935.0,-20.73767264429216,-4370.0,-3.2692451559811486,-90.0,-0.127877237851659,-1576828.0,-23.042028597735964,-4478.0,-2.1551122554563595,1570.0,7.703631010794898,,,,,,,,,,,,,,,-1.0,-0.865051903114189,-187402.0,-8.066667671043593,-0.1999999999999957,-0.3976143141153021,0.7436703499999999,-24.12280696063597,-1.6000000000000014,-3.0360531309297945,2.90508038,-53.93765904868102,-3.460000000000008,-3.450339050658169,-3.28110062,1938.744421110501,-3.66784924,637.826336225888,,,,,-1.2000000000000028,-1.0879419764279308,-1.200000000000001,-11.65048543689321,1.0,0.9250693802035136,-16385233.872999966,-4.823978258643102,3.1000000000000014,14.832535885167465,-9.56836801,-201.67752891718052,-2482616.830000013,-1.007334196416887,1.5,7.692307692307687,1.58466674,-61.13681193340925,-1.0999999999999943,-1.023255813953483,-2.14708922,-29.47100546502605,1.07146186,-51.15065745351736,-0.7999999999999972,-0.7677543186180413,-2.4545648700000005,59.29137803364459,2.57176331,-77.01002345060235,-0.5999999999999943,-0.5059021922428242,-2.143922399999997,-7.635662086071604,3.69442091,-87.95563631759661,-39.86578255421199,-266.94714191589685,-11.785792611855497,-259.6995900496667,297.8778032350951,-147.6568702564811,68.89521706078408,-177.8043107468299,-65.79302050955408,-226.19076414254437,-26.888544126360536,-211.9863143675485,,,,,,,,,183.0,7.820512820512815,-1004.2900000000008,-1.7620758137027126,,,,
2022-02-01,71383.75,1.1169118250069054,22718.75,7.1001017268757405,4861.25,1.9073757378496257,22018.75,8.10239018087855,,,-700.0,144.21052631579005,-17.082294264339204,-844.21052631579,-1219.427917620138,,,,,,281416.0,700124.0,365.1811690029093,22.63470788331448,1312205.0,133553.0,70990.0,-20.70018292915076,3.2892498066511955,4788532.0,219170.0,22855.0,-9.07461034881052,7.802485895714373,,,,,,,,113.5,1450779.0,-32.072097887265585,50.2,-0.79051383,51.6,0.38910506,96.89,0.07229911,-4.4759933,,7.5,108.8,8.8,108.9,214796000.6,6.0,-33.55667767,188620186.8,11.7,-22.68762173,106.1,3.10981535,-0.28195489,103.2,-9.39420544,-0.1934236,118.7,21.61885246,0.59322034,167.081875584505,184.29812846617097,175.82258801196468,-151.98965522320097,-47.634978538652575,-230.74687153382905,-55.59562734976426,-45.88107862530188,-20.694776645425872,,,,,,,2523.0,55990.42,1363.638443935928,-111.82608042935694,307.91008238992686,-94.74378616501774,-1219.427917620138,-324.9923766542661,-930.554399833578,322.13212445494446,,,,,,,,,220920.0,365.1811690029093,129222.0,22.63470788331448,-342534.0,-20.70018292915076,4253.0,3.2892498066511955,700.0,0.9958742353108452,-477909.0,-9.07461034881052,15863.0,7.802485895714373,905.0,4.123006833712983,,,,,,,,,,,,,,,-1.0999999999999943,-0.9598603839441444,-684984.0,-32.072097887265585,0.1000000000000014,0.1996007984031989,1.54866746,-66.20553381734683,0.5,0.9784735812133016,2.87002109,-115.68392703722424,0.0700000000000073,0.0722991117537708,3.52263816,-102.0954204486078,-0.23308953,5.493632253648784,,,,,-0.2999999999999971,-0.274977085242889,-0.2999999999999989,-3.296703296703285,-0.1999999999999886,-0.1833180568285852,-108481031.70000002,-33.55667766689036,-18.0,-75.0,-28.73269941,595.6224896005233,-55351336.29999998,-22.68762173416131,-9.3,-44.285714285714285,-21.68028753,2152.243766765786,-0.3000000000000113,-0.281954887218061,-2.02852457,-39.478208946519054,0.74130092,-72.44531746172053,-0.2000000000000028,-0.1934235976789211,-2.79980616,42.45733449127758,0.57433072,-74.80657614534816,0.7000000000000028,0.5932203389830581,-4.3149789200000015,-16.638416656505616,1.09912253,-217.25988772651883,-127.05783385249995,509.6211462585472,-40.38742667242225,557.2561247971996,-326.8881739764591,-340.00805654939154,-85.74306784011307,-284.41242919962724,-9.17546173232148,24.99743229782414,-6.490326870430085,45.69220894325004,,,,,,,,,0.0,0.0,0.0,0.0,,,,
2022-03-01,73037.39130434782,2.3165514621294347,22628.695652173912,-0.3963877758507261,5103.260869565217,4.978367077710821,22386.95652173913,1.6722408026755842,,,-241.73913043478024,458.26086956521976,-65.46583850931711,-700.0,144.21052631579005,,,,,,165015.0,700268.0,-41.36260909116752,0.0205677851351948,1990869.0,155903.0,73320.0,51.71935787472233,16.734929204136193,7056508.0,199522.0,22730.0,47.36265728202296,-8.964730574439928,3018.2,1517.4,6701.7,867.1,2552.5,426.2,238.7,111.8,1789519.0,23.348835349836182,49.5,-4.62427746,48.4,-14.03197158,96.62,-0.27866653,-4.63876826,5.0,6.5,108.3,8.3,108.7,272869482.5,14.3,27.03657505,230016765.7,0.7,21.94705646,106.1,0.66413662,0.0,104.0,-9.72222222,0.7751938,121.1,16.33045149,2.02190396,359.005178984309,333.617778911458,298.1883650247702,191.923303399804,114.8678171874692,149.31965044528704,81.02070904789225,122.3657770128055,69.59616417685682,,,,,,,2523.0,55990.42,314.0503432494297,217.77213582989563,-48.38354424497791,283.2379743392129,144.21052631579005,-17.082294264339204,1363.638443935928,-111.82608042935694,,,,,,,,,-116401.0,-41.36260909116752,144.0,0.0205677851351948,678664.0,51.71935787472233,22350.0,16.734929204136193,2330.0,3.282152415833206,2267976.0,47.36265728202296,-19648.0,-8.964730574439928,-125.0,-0.5469262743382219,,,,,,,,,,,,,,,-1.7000000000000028,-1.497797356828201,338740.0,23.348835349836182,-0.7000000000000028,-1.394422310756982,-3.83376363,484.97110164410407,-3.200000000000003,-6.2015503875969,-14.42107664,-3706.2166809138894,-0.269999999999996,-0.2786665290535617,-0.35096564,-485.4356298438528,-0.1627749600000001,3.636622065542405,,,-1.0,-13.33333333333333,-0.5,-0.4595588235294157,-0.5,-5.681818181818176,-0.2000000000000028,-0.1836547291092727,58073481.900000006,27.036575046919182,8.3,138.33333333333334,60.59325272,-180.56988035550063,41396578.899999976,21.94705646426598,-11.0,-94.017094017094,44.63467819,-196.73581797681004,0.0,0.0,-2.44567873,-78.64385678075709,0.28195489,-100.0,0.7999999999999972,0.7751937984496138,-0.3280167800000004,3.4916926406923565,0.9686174,-500.7751897906977,2.3999999999999915,2.021903959561921,-5.288400969999998,-24.461987424100297,1.42868362,240.8352383871396,343.9129586230049,-226.27392510231,162.5027957261218,-341.1417422897792,380.0665219791161,-164.7114517534838,136.6163363976565,-245.73216080137604,168.24685563810738,-366.70204947039946,90.29094082228268,-436.2982136472564,,,,,,,,,0.0,0.0,0.0,0.0,,,,
2022-04-01,74481.05263157895,1.97660581990855,21503.157894736843,-4.97394005707501,5086.578947368421,-0.3268875063056953,21684.21052631579,-3.139086792529977,24102.63157894737,,181.0526315789466,422.7917620137269,-174.89587277546426,-241.73913043478024,458.26086956521976,2599.4736842105267,,,,,71403.0,634206.0,-56.72938823743296,-9.433816767294813,1274463.0,149754.0,73600.0,-35.984587634846896,-3.944119099696608,4543007.0,193581.0,20890.0,-35.6196152544573,-2.9776165034432256,2598.1,919.2,6085.7,652.4,2279.2,501.9,128.2,110.9,930775.0,-47.98742008327377,47.4,-7.2407045,41.9,-23.67941712,95.85,-0.79693645,-5.37071774,-2.9,4.0,108.0,8.0,108.5,268965296.5,3.5,-1.4307888,222673885.7,0.1,-3.19232382,106.3,-1.11627907,0.18850141,105.1,-10.4770017,1.05769231,122.3,10.0810081,0.9909166,337.153789726457,241.71837093676297,269.5029595473497,-21.85138925785202,-6.086650147965433,-91.89940797469504,-27.546316108976043,-28.68540547742049,-9.619894282272757,,,,,,,2523.0,55990.42,-35.469107551492925,-7.739938080496522,-109.43003426614716,167.15593469496773,458.26086956521976,-65.46583850931711,314.0503432494297,217.77213582989563,,,,,,,,,-93612.0,-56.72938823743296,-66062.0,-9.433816767294813,-716406.0,-35.984587634846896,-6149.0,-3.944119099696608,280.0,0.3818876159301654,-2513501.0,-35.6196152544573,-5941.0,-2.9776165034432256,-1840.0,-8.09502859656841,-420.0999999999999,-13.918892054867138,-598.2,-39.422696718070384,-616.0,-9.191697628959815,-214.70000000000005,-24.76069657478953,-273.3000000000002,-10.707149853085218,75.69999999999999,17.761614265603008,-110.5,-46.292417260159205,-0.8999999999999915,-0.8050089445438169,-858744.0,-47.98742008327377,-2.1000000000000014,-4.242424242424248,-2.61642704,56.580234698979325,-6.5,-13.429752066115707,-9.64744554,68.75331442197803,-0.7700000000000102,-0.7969364520803213,-0.51826992,185.98211991946076,-0.7319494799999999,15.778961978152362,-7.9,-158.0,-2.5,-38.46153846153846,-0.2999999999999971,-0.2770083102493048,-0.3000000000000007,-3.614457831325313,-0.2000000000000028,-0.1839926402943947,-3904186.0,-1.4307888021153126,-10.8,-75.52447552447552,-28.46736385,-105.29204900159868,-7342880.0,-3.192323819376264,-0.6,-85.71428571428571,-25.13938028,-114.54556708239316,0.2000000000000028,0.1885014137606111,-1.78041569,-268.0797348593728,0.18850141,inf,1.0999999999999943,1.057692307692304,-0.7547794799999998,7.7634460817745055,0.2824985099999999,36.44230771711536,1.2000000000000028,0.99091659785302,-6.2494433900000015,-38.26865040336984,-1.03098736,-50.9909165022853,-213.774692657656,-111.38547996557377,-120.95446733543464,-105.29882981760832,-241.21905841998208,-161.54542131637814,-108.5670251568683,-133.9991052074021,-151.05118249022598,-123.44234325780369,-79.21605845912957,-113.8224489755309,,,,,,,,,0.0,0.0,0.0,0.0,,,,
2022-05-01,72367.8947368421,-2.837175120482771,20433.68421052632,-4.973565694145288,4753.1578947368425,-6.554917481504463,20973.68421052632,-3.2766990291262066,22473.68421052632,-6.758379735779019,540.0,358.9473684210534,198.2558139534896,181.0526315789466,422.7917620137269,2040.0,-559.4736842105267,-21.522575420125545,2599.4736842105267,,31627.0,560176.0,-55.706342870747726,-11.672863391390177,1398341.0,140486.0,72120.0,9.720015410412074,-6.188816325440394,4607574.0,182704.0,20795.0,1.4212392805029728,-5.618836559373075,3217.3,1486.3,6410.2,667.0,2182.9,571.9,199.3,107.0,1574762.0,69.18825709757996,49.6,-2.74509804,47.8,-13.4057971,95.56,-0.30255608,-5.5544574,0.7,3.3,106.4,6.4,108.1,303898564.3,16.4,12.98802048,227787340.1,3.5,2.29638711,105.1,-3.66636114,-1.12888053,100.9,-16.61157025,-3.9961941,120.3,4.42708333,-1.63532298,386.750242902272,286.764888708868,275.87421047554955,49.59645317581504,14.71033536833566,45.04651777210504,18.635951250842187,6.371250928199856,2.3640745685690634,,,,,,,2523.0,55990.42,-63.84439359267344,-15.100671140938784,373.1516867289539,-213.3564850944284,422.7917620137269,-174.89587277546426,-35.469107551492925,-7.739938080496522,,,,,,,,,-39776.0,-55.706342870747726,-74030.0,-11.672863391390177,123878.0,9.720015410412074,-9268.0,-6.188816325440394,-1480.0,-2.010869565217388,64567.0,1.4212392805029728,-10877.0,-5.618836559373075,-95.0,-0.4547630445189132,619.2000000000003,23.83280089296025,567.0999999999999,61.694952132288925,324.5,5.332172141249147,14.600000000000025,2.2378908645003026,-96.29999999999971,-4.2251667251667175,70.0,13.94700139470013,71.10000000000002,55.46021840873636,-3.9000000000000057,-3.516681695220925,643987.0,69.18825709757996,2.200000000000003,4.641350210970474,4.495606459999999,-62.08797030730919,5.899999999999999,14.08114558472553,10.27362002,-43.38628762666098,-0.289999999999992,-0.3025560772039526,0.49438037,-62.03510581050722,-0.1837396600000005,3.421137898041926,3.6,-124.13793103448276,-0.7000000000000002,-17.500000000000004,-1.5999999999999943,-1.4814814814814723,-1.5999999999999996,-20.0,-0.4000000000000057,-0.3686635944700533,34933267.80000001,12.988020482411944,12.9,368.5714285714285,14.41880928,-1007.752456547046,5113454.400000006,2.296387106159892,3.4,3400.0,5.48871093,-171.93465448627325,-1.2000000000000028,-1.128880526810916,-2.55008207,228.444852056574,-1.31738194,-698.8711331124791,-4.199999999999989,-3.9961941008563207,-6.134568549999999,58.55271122080661,-5.05388641,-477.8219868120248,-2.0,-1.635322976287812,-5.65392477,-56.08491446406039,-2.62623958,-265.0313437074321,71.44784243366706,-326.9716245066349,20.79698551630109,-341.68195987497063,136.94592574680007,-149.01720126914074,46.18226735981823,-167.6531525199829,35.056656405620345,-122.21077520837189,11.98396885084182,-124.57484977694098,,,,,,,,,0.0,0.0,0.0,0.0,,,,
2022-06-01,69604.28571428571,-3.818832968135877,19976.19047619048,-2.2389194705287885,4665.952380952381,-1.8346858176334524,20057.14285714286,-4.369958773973826,21561.904761904763,-4.057098249135716,80.95238095238165,-459.0476190476184,-85.00881834215154,540.0,358.9473684210534,1585.7142857142862,-454.28571428571377,-22.268907563025188,2040.0,-559.4736842105267,60274.0,380473.0,90.57767097732948,-32.079739224815064,2019260.0,139765.0,63850.0,44.40397585424443,-0.5132183989863703,5521671.0,181861.0,19060.0,19.83900855417624,-0.4614020492162196,3153.4,1667.9,7090.3,734.4,2221.4,583.8,257.7,106.8,2168207.0,37.68474220231375,50.2,-1.37524558,54.7,2.24299065,95.35,-0.21975722,-5.65010885,3.9,3.4,106.1,6.1,107.7,323406642.4,17.1,6.41927287,230099919.2,0.0,1.01523601,105.2,-2.6827012,0.09514748,98.1,-19.25925926,-2.77502478,120.6,4.96083551,0.24937656,328.094950109791,251.3389,248.0193549196865,-58.65529279248102,-15.16619417025231,-35.425988708868005,-12.353670237793123,-27.85485555586305,-10.096940742611316,,,,,,,2523.0,55990.42,-817.9949874686718,-227.8871665968436,-283.26463229564115,-142.878348254692,358.9473684210534,198.2558139534896,-63.84439359267344,-15.100671140938784,105.18796992481292,-18.80123639295809,-0.746332142899643,3.4676711700670992,-559.4736842105267,-21.522575420125545,,,28647.0,90.57767097732948,-179703.0,-32.079739224815064,620919.0,44.40397585424443,-721.0,-0.5132183989863703,-8270.0,-11.466999445368833,914097.0,19.83900855417624,-843.0,-0.4614020492162196,-1735.0,-8.34335176725174,-63.90000000000009,-1.986137444440994,181.6000000000001,12.218260108995494,680.1000000000004,10.609653364949612,67.39999999999998,10.104947526236874,38.5,1.7637088277062674,11.899999999999975,2.080783353733162,58.39999999999998,29.30255895634719,-0.2000000000000028,-0.1869158878504695,593445.0,37.68474220231375,0.6000000000000014,1.2096774193548487,1.3698524599999995,-49.90176817145663,6.900000000000006,14.435146443514668,15.64878775,-116.73149782343044,-0.2100000000000079,-0.2197572205943965,0.08279886,-27.36645054364798,-0.0956514499999992,1.7220664974404,3.2,457.1428571428572,0.1,3.030303030303028,-0.3000000000000113,-0.281954887218061,-0.3000000000000007,-4.687500000000011,-0.3999999999999915,-0.3700277520814032,19508078.099999964,6.419272873149251,0.7000000000000028,4.268292682926855,-6.568747609999999,-50.57543310864874,2312579.099999994,1.0152360087196888,-3.5,-100.0,-1.2811511,-55.78985766036632,0.1000000000000085,0.0951474785918282,0.98365994,-26.829324838414585,1.22402801,-108.42848091285622,-2.800000000000012,-2.7750247770069514,-2.647689010000001,15.938824386574767,1.22116932,-30.55830846654821,0.2999999999999971,0.2493765586034868,0.5337521799999996,12.05651983966607,1.88469954,-115.24937660938392,-108.25174596829606,-218.2650956602747,-29.87652953858797,-203.0989014900224,-80.47250648097304,-178.6431237328748,-30.98962148863531,-166.2894534950817,-34.22610648406291,-537.1960211545648,-12.46101531118038,-527.0990804119531,,,,,,,,,0.0,0.0,0.0,0.0,,,,
2022-07-01,58456.19047619047,-16.016391984620537,18137.14285714286,-9.206197854588794,4205.714285714285,-9.863754656324952,18185.714285714286,-9.330484330484335,19714.285714285717,-8.568904593639582,48.57142857142753,-32.38095238095411,-40.0000000000018,80.95238095238165,-459.0476190476184,1577.142857142855,-8.57142857143117,-0.5405405405407016,1585.7142857142862,-454.28571428571377,30541.0,251548.0,-49.32972757739656,-33.885453107053586,3548890.0,157641.0,60100.0,75.75200816140566,12.790040424999116,6062556.0,180533.0,18750.0,9.795675982868236,-0.7302280312986298,3275.4,894.8,8059.2,728.8,1829.9,487.6,244.5,102.7,2110110.0,-2.679495085109496,49.0,-2.77777778,53.8,0.9380863,95.23,-0.12585212,-5.68485689,3.8,3.5,104.2,4.2,107.2,327463192.1,18.1,1.25431861,229223343.7,1.6,-0.38095428,103.1,-4.44856348,-1.99619772,93.2,-22.97520661,-4.99490316,116.7,1.21422376,-3.23383085,359.977442421623,131.232582483753,292.80632953196897,31.88249231183198,9.71745901641068,-120.106317516247,-47.7866010857241,44.78697461228248,18.05785464879761,,,,,,,2523.0,55990.42,426.6666666666642,-92.94605809128592,45.00881834214975,-52.94605809128412,-459.0476190476184,-85.00881834215154,-817.9949874686718,-227.8871665968436,445.7142857142826,-98.11320754716924,21.728367022484488,-97.57266700662856,-454.28571428571377,-22.268907563025188,105.18796992481292,-18.80123639295809,-29733.0,-49.32972757739656,-128925.0,-33.885453107053586,1529630.0,75.75200816140566,17876.0,12.790040424999116,-3750.0,-5.873140172278779,540885.0,9.795675982868236,-1328.0,-0.7302280312986298,-310.0,-1.6264428121720909,122.0,3.86883998224139,-773.1000000000001,-46.35169974219079,968.8999999999996,13.665148160162468,-5.600000000000023,-0.7625272331154731,-391.5,-17.624020887728463,-96.19999999999992,-16.478245974648843,-13.199999999999989,-5.122235157159483,-4.099999999999994,-3.838951310861416,-58097.0,-2.679495085109496,-1.2000000000000028,-2.390438247011961,-1.4025322,101.98412708223356,-0.9000000000000057,-1.6453382084095192,-1.3049043499999995,-58.176985713248506,-0.1199999999999903,-0.1258521237545773,0.0939050999999999,-42.73129228700654,-0.0347480400000002,0.6149977092919201,-0.1,-2.564102564102566,0.1,2.941176470588247,-1.8999999999999917,-1.790763430725717,-1.8999999999999997,-31.147540983606547,-0.5,-0.464252553389044,4056549.700000048,1.2543186095054892,1.0,5.847953216374258,-5.16495426,-80.46011385710108,-876575.5,-0.3809542841421431,1.6,inf,-1.3961902899999998,-137.5237162834679,-2.1000000000000085,-1.9961977186311877,-1.76586228,65.8240388456232,-2.0913452,-2198.003772669544,-4.899999999999992,-4.9949031600407645,-3.71594735,19.2943420088733,-2.21987838,79.99490296443408,-3.899999999999992,-3.233830845771135,-3.74661175,-75.5238052631985,-3.48320741,-1396.7661635881095,90.537785104313,-154.3556954435985,24.88365318666299,-164.07315446000922,-84.680328807379,239.03448257516496,-35.432930847930976,286.8210836608891,72.64183016814553,-260.7869569542803,28.15479539140893,-278.84481160307774,,,,,,,,,0.0,0.0,0.0,0.0,,,,
2022-08-01,62472.17391304348,6.870073817911115,18532.17391304348,2.1780225199309555,4380.434782608696,4.154359640831773,18595.652173913044,2.2541753475187054,19826.08695652174,0.5671077504725952,63.47826086956411,14.906832298136578,30.690537084399505,48.57142857142753,-32.38095238095411,1293.91304347826,-283.229813664595,-17.958412098298616,1577.142857142855,-8.57142857143117,14561.0,380878.0,-52.32310664352837,51.41364669963586,3074607.0,159941.0,62060.0,-13.364263192153036,1.4590112978222658,5594388.0,165690.0,18410.0,-7.72228743124187,-8.221765549788685,3340.8,1174.7,8248.0,702.3,1607.2,616.5,242.6,100.4,2074702.0,-1.6780167858547634,49.4,-1.39720559,52.6,10.73684211,95.03,-0.21001785,-5.74290815,4.2,3.6,102.3,2.3,106.6,310386496.8,7.4,-5.21484421,233391984.4,0.0,1.81859344,102.3,-4.92565056,-0.77594568,92.8,-20.20636285,-0.42918455,114.4,-0.60816681,-1.97086547,260.880966957428,96.6339235587654,235.83155122180185,-99.096475464195,-27.528523675694217,-34.59865892498759,-26.36438167272293,-56.974778310167125,-19.45817851726001,,,,,,,2523.0,55990.42,47.28778467909069,-146.0358056265958,70.6905370844013,-176.7263427109953,-32.38095238095411,-40.0000000000018,426.6666666666642,-92.94605809128592,-274.6583850931638,3204.34782608594,-17.417871557757916,3222.3062381842547,-8.57142857143117,-0.5405405405407016,445.7142857142826,-98.11320754716924,-15980.0,-52.32310664352837,129330.0,51.41364669963586,-474283.0,-13.364263192153036,2300.0,1.4590112978222658,1960.0,3.261231281197996,-468168.0,-7.72228743124187,-14843.0,-8.221765549788685,-340.0,-1.8133333333333332,65.40000000000009,1.996702692800878,279.9000000000001,31.280733124720616,188.80000000000015,2.342664284296214,-26.5,-3.636114160263448,-222.70000000000005,-12.170063937920103,128.89999999999998,26.435602953240345,-1.9000000000000057,-0.7770961145194266,-2.299999999999997,-2.2395326192794496,-35408.0,-1.6780167858547634,0.3999999999999986,0.8163265306122325,1.38057219,-49.700598800239526,-1.1999999999999955,-2.2304832713754608,9.79875581,1044.547373733099,-0.2000000000000028,-0.2100178515173856,-0.08416573,66.87668829098786,-0.05805126,1.0211560488376792,0.4000000000000003,10.526315789473696,0.1,2.857142857142869,-1.9000000000000057,-1.8234165067178565,-1.9000000000000004,-45.23809523809524,-0.6000000000000085,-0.5597014925373234,-17076695.300000012,-5.214844205997105,-10.7,-59.11602209944751,-6.469162819999999,-515.7511630956349,4168640.700000018,1.818593443718286,-1.6,-100.0,2.19954772,-577.3783982686847,-0.7999999999999972,-0.7759456838021261,-0.4770870800000004,10.724519997183467,1.22025204,-61.1288164380831,-0.4000000000000057,-0.4291845493562318,2.7688437599999998,-12.051442265571854,4.565718609999999,-91.40755013156252,-2.299999999999997,-1.9708654670094197,-1.82239057,-150.0868810210072,1.26296538,-39.05477554585145,-130.978967776027,-410.8178447750119,-37.245982692104896,-383.2893210993174,85.50765859125941,-71.19330636349969,21.42221941300117,-44.82892469077676,-101.7617529224496,-227.2128309701505,-37.51603316605762,-207.75465245289053,,,,,,,,,0.0,0.0,0.0,0.0,,,,
2022-09-01,62578.09523809524,0.1695496065163171,18496.666666666668,-0.1915978478478464,4338.809523809524,-0.9502540470282428,19209.52380952381,3.3011567965975264,19928.571428571428,0.5169172932330657,712.8571428571413,649.3788819875772,1022.99412915853,63.47826086956411,14.906832298136578,1431.9047619047597,137.99171842649957,10.664682539682424,1293.91304347826,-283.229813664595,14916.0,304123.0,2.4380193668017247,-20.15212220185991,2443336.0,142520.0,61320.0,-20.531762270755248,-10.892141477169703,5021861.0,160841.0,18270.0,-10.233952310780015,-2.9265495805419706,3277.7,2183.6,6830.0,799.5,1858.0,695.6,275.8,99.5,2271244.0,9.473264112147197,50.1,1.00806452,50.6,-4.88721805,94.8,-0.24202883,-5.85898709,6.3,3.9,100.9,0.9,105.9397,318242611.1,5.6,2.53107477,236091997.7,0.2,1.15685777,101.7,-5.74606117,-0.58651026,95.8,-16.25874126,3.23275862,111.8,-4.93197279,-2.27272727,242.556936393941,255.616215963594,248.85490514799463,-18.324030563486986,-7.02390472451645,158.98229240482857,164.52016698685287,13.023353926192785,5.522311946268887,,,,,,,2523.0,55990.42,634.4720496894406,4256.250000000017,992.3035920741304,3233.255870841486,14.906832298136578,30.690537084399505,47.28778467909069,-146.0358056265958,421.22153209109456,-148.72076023391782,28.62309463798104,-159.38544277360023,-283.229813664595,-17.958412098298616,-274.6583850931638,3204.34782608594,355.0,2.4380193668017247,-76755.0,-20.15212220185991,-631271.0,-20.531762270755248,-17421.0,-10.892141477169703,-740.0,-1.1923944569771194,-572527.0,-10.233952310780015,-4849.0,-2.9265495805419706,-140.0,-0.760456273764254,-63.10000000000037,-1.8887691570881329,1008.9,85.88575806588914,-1418.0,-17.192046556741026,97.20000000000005,13.84023921401112,250.79999999999995,15.60477849676456,79.10000000000002,12.830494728304952,33.20000000000002,13.6850783182193,-0.9000000000000057,-0.8964143426294924,196542.0,9.473264112147197,0.7000000000000028,1.4170040485830038,2.40527011,-172.14861772776047,-2.0,-3.802281368821292,-15.62406016,-145.51820730834982,-0.2300000000000039,-0.2420288330001074,-0.0320109799999999,15.242028237123662,-0.1160789400000004,2.0212571221429165,2.1,50.0,0.2999999999999998,8.333333333333325,-1.3999999999999917,-1.368523949169098,-1.4,-60.86956521739131,-0.6602999999999923,-0.6194183864915548,7856114.300000012,2.531074766780894,-1.8000000000000007,-24.32432432432433,7.74591898,-148.53596134562187,2700013.299999982,1.1568577673912506,0.2,inf,-0.6617356699999999,-36.38722407356754,-0.5999999999999943,-0.5865102639296182,-0.8204106099999997,16.655883319502053,0.18943542,-24.413489872126103,3.0,3.232758620689657,3.9476215900000007,-19.53652727759464,3.66194317,-853.2327573301508,-2.6000000000000085,-2.272727272727282,-4.32380598,710.9572421421682,-0.3018617999999999,15.316205220237578,80.77244490070802,-81.50889779111496,20.50461895117777,-74.4849930665985,193.58095132981617,-559.5042043378437,190.8845486595758,-724.0243713246967,69.99813223635991,-122.85810373020578,24.98049046352889,-128.38041567647468,,,,,,,,,0.0,0.0,0.0,0.0,,,,
2022-10-01,64133.125,2.484942624073549,18477.5,-0.1036222742836656,4485.625,3.3837732535806357,19362.5,0.7963559742191428,19975.0,0.232974910394268,885.0,172.1428571428587,24.148296593186647,712.8571428571413,649.3788819875772,1497.5,65.59523809524035,4.5809777186566425,1431.9047619047597,137.99171842649957,106496.0,287143.0,613.9715741485653,-5.583267296455707,1640114.0,190869.0,62060.0,-32.87398867777498,33.92436149312377,3357840.0,192400.0,17535.0,-33.13554477115157,19.62124085276764,2959.4,1934.4,6610.0,690.0,1443.2,552.6,255.9,97.9,2169050.0,-4.499472535755733,49.2,0.0,48.7,-7.0610687,94.66,-0.14767932,-5.87650393,5.0,4.0,98.7,-1.3,105.2,293613877.3,-0.3,-7.73898056,211906418.3,-0.7,-10.24413349,100.1,-9.08265213,-1.57325467,98.1,-11.93895871,2.40083507,108.0,-12.69199677,-3.39892665,259.049214802676,125.066674644907,265.08245600682665,16.49227840873499,6.799343137295244,-130.54954131868698,-51.07248021278919,16.227550858832018,6.520888486880128,,,,,,,2523.0,55990.42,-477.2360248447185,-73.49115255858415,-998.8458325653432,-97.6394491517708,649.3788819875772,1022.99412915853,634.4720496894406,4256.250000000017,-72.39648033125923,-52.464366091520745,-6.083704821025782,-57.04534381017725,137.99171842649957,10.664682539682424,421.22153209109456,-148.72076023391782,91580.0,613.9715741485653,-16980.0,-5.583267296455707,-803222.0,-32.87398867777498,48349.0,33.92436149312377,740.0,1.206784083496415,-1664021.0,-33.13554477115157,31559.0,19.62124085276764,-735.0,-4.022988505747128,-318.2999999999997,-9.71107788998382,-249.19999999999985,-11.412346583623368,-220.0,-3.221083455344065,-109.5,-13.69606003752345,-414.8,-22.32508073196986,-143.0,-20.55779183438757,-19.90000000000001,-7.215373459028285,-1.5999999999999943,-1.6080402010050232,-102194.0,-4.499472535755733,-0.8999999999999986,-1.7964071856287345,-1.00806452,-100.0,-1.8999999999999984,-3.754940711462451,-2.1738506499999994,44.48032864013505,-0.1400000000000005,-0.1476793248945118,0.09434951,-38.98275672365148,-0.0175168399999998,0.2989738623916382,-1.2999999999999998,-20.63492063492063,0.1,2.564102564102577,-2.200000000000003,-2.1803766105054523,-2.2,-244.44444444444449,-0.7396999999999991,-0.6982273878442191,-24628733.80000001,-7.7389805579055615,-5.9,-105.35714285714286,-10.27005533,-405.7586702584847,-24185579.399999976,-10.244133488476969,-0.8999999999999999,-450.0,-11.40099126,-985.513652209813,-1.6000000000000083,-1.5732546705998107,-3.33659096,58.067445877886456,-0.98674441,168.23992303220754,2.299999999999997,2.4008350730688965,4.319782550000001,-26.568985144179614,-0.83192355,-25.73416848548996,-3.799999999999997,-3.3989266547406083,-7.76002398,157.34117584213192,-1.12619938,49.552772779463325,34.816308972221975,-190.0035521748037,13.823247861811694,-196.80289531209917,-289.53183372351555,-182.1157748727505,-215.59264719964204,-131.04329465996133,3.2041969326392348,24.60346966532869,0.99857654061124,18.08258117844868,,,,,,,,,0.0,0.0,0.0,0.0,,,,
2022-11-01,66098.63636363637,3.0647366140919674,18723.636363636364,1.3320869362000387,4838.409090909091,7.864770035593493,19218.18181818182,-0.7453489054521922,20054.545454545456,0.3982250540448317,494.5454545454559,-390.4545454545441,-44.11915767847956,885.0,172.1428571428587,1330.909090909092,-166.5909090909081,-11.12460160874178,1497.5,65.59523809524035,125732.0,127279.0,18.062650240384627,-55.67400215223773,2479134.0,147320.0,64680.0,51.15620011779669,-22.81617234857415,4917471.0,199944.0,18795.0,46.447448359659774,3.920997920997915,2670.2,1901.4,6666.7,758.6,1513.2,585.0,242.3,98.7,,0.0,48.0,-4.19161677,46.7,-10.70745698,94.38,-0.29579548,-6.04280737,2.2,3.8,98.7,-1.3,104.6,290615312.4,-9.0,-1.0212613,224830774.5,-10.6,6.09908671,99.8,-9.10746812,-0.2997003,100.7,-6.58627087,2.65035678,107.8,-12.92407108,-0.18518519,448.588845798041,504.942560268471,311.3488667193289,189.53963099536503,73.1674215417877,379.8758856235641,303.7386951417065,46.26641071250225,17.453592142405206,,,,,,,2523.0,55990.42,-562.5974025974028,-326.82006789890323,-68.26745427166621,-282.7009102204237,172.1428571428587,24.148296593186647,-477.2360248447185,-73.49115255858415,-232.18614718614845,-353.96799208050453,-15.705579327398423,-342.84339047176235,65.59523809524035,4.5809777186566425,-72.39648033125923,-52.464366091520745,19236.0,18.062650240384627,-159864.0,-55.67400215223773,839020.0,51.15620011779669,-43549.0,-22.81617234857415,2620.0,4.22172091524331,1559631.0,46.447448359659774,7544.0,3.920997920997915,1260.0,7.18562874251496,-289.2000000000003,-9.77225113198622,-33.0,-1.7059553349875969,56.69999999999982,0.8577912254160269,68.60000000000002,9.942028985507246,70.0,4.850332594235041,32.39999999999998,5.863192182410426,-13.599999999999994,-5.314576006252436,0.7999999999999972,0.8171603677221695,,,-1.2000000000000028,-2.4390243902439046,-4.19161677,-inf,-2.0,-4.106776180698146,-3.64638828,51.64074214431591,-0.2800000000000011,-0.2957954785548278,-0.14811616,100.29580309551802,-0.16630344,2.8299724118452163,-2.8,-55.99999999999999,-0.2000000000000001,-5.000000000000004,0.0,0.0,0.0,0.0,-0.6000000000000085,-0.5703422053232043,-2998564.900000036,-1.021261299899745,-8.7,2900.0,6.71771926,-86.80367146444932,12924356.199999988,6.099086711806301,-9.9,1414.2857142857144,16.343220199999998,-159.53736073386526,-0.2999999999999971,-0.2997002997003006,-0.0248159900000004,0.2732240500330718,1.27355437,-80.9502996739873,2.6000000000000085,2.650356778797147,5.35268784,-44.8337913717435,0.2495217100000002,10.393121673285124,-0.2000000000000028,-0.1851851851851882,-0.2320743099999997,1.8285090534261084,3.21374146,-94.55165677082204,173.04735258663004,1049.2628628860464,66.36807840449246,976.0954413442568,510.425426942251,-390.9821679849811,354.8111753544957,-694.7208631266874,30.038859853670232,185.1102493221968,10.932703655525078,167.65665717979107,,,,,,,,,0.0,0.0,0.0,0.0,,,,
2022-12-01,66444.09090909091,0.5226349051348889,19005.454545454544,1.5051466304136565,5253.636363636364,8.58189675419232,19377.272727272728,0.8278145695364225,20395.454545454544,1.6999093381686148,371.8181818181838,-122.72727272727208,-24.81617647058804,494.5454545454559,-390.4545454545441,1390.0,59.0909090909081,4.439890710382444,1330.909090909092,-166.5909090909081,119988.0,130263.0,-4.5684471733528405,2.3444558803887627,1448656.0,99641.0,66260.0,-41.56604685345769,-32.36424110779256,3645253.0,136749.0,18700.0,-25.8713879553128,-31.606349777937822,2430.0,2616.4,7578.5,745.1,1770.5,627.0,248.8,99.3,2187563.0,0.8535072958207435,47.0,-6.56063618,41.6,-21.0626186,94.31,-0.07416826,-5.95333067,1.3,3.6,99.3,-0.7,104.1,296899982.9,-9.9,2.16253935,227892723.8,-7.5,1.36189065,100.2,-6.79069767,0.4008016,102.6,-1.53550864,1.88679245,108.0,-8.9376054,0.18552876,310.496979941266,235.113449963813,239.85428870142027,-138.09186585677503,-30.78361558703252,-269.829110304658,-53.43758509110296,-71.49457801790862,-22.962851534114847,,,,,,,2523.0,55990.42,267.72727272727207,-68.5681024447032,19.302981207891523,-43.75192597411517,-390.4545454545441,-44.11915767847956,-562.5974025974028,-326.82006789890323,225.6818181818162,-135.4706684856749,15.564492319124223,-139.91055919605742,-166.5909090909081,-11.12460160874178,-232.18614718614845,-353.96799208050453,-5744.0,-4.5684471733528405,2984.0,2.3444558803887627,-1030478.0,-41.56604685345769,-47679.0,-32.36424110779256,1580.0,2.442795299938161,-1272218.0,-25.8713879553128,-63195.0,-31.606349777937822,-95.0,-0.5054535780792735,-240.19999999999985,-8.995580855366637,715.0,37.6038708320185,911.8000000000002,13.676931615341935,-13.5,-1.7795939889269752,257.29999999999995,17.00370076658737,42.0,7.179487179487176,6.5,2.682624845233184,0.5999999999999943,0.6079027355623046,,,-1.0,-2.083333333333337,-2.36901941,56.51803444807766,-5.100000000000001,-10.92077087794433,-10.35516162,96.70981297746012,-0.0699999999999931,-0.0741682559864287,0.22162722,-74.92583050964808,0.0894767000000005,-1.4807140873663194,-0.9000000000000001,-40.90909090909092,-0.1999999999999997,-5.263157894736836,0.5999999999999943,0.6079027355623046,0.6000000000000001,-46.15384615384615,-0.5,-0.4780114722753303,6284670.5,2.1625393542064497,-0.9000000000000004,10.000000000000009,3.18380065,-311.75181611209587,3061949.300000012,1.3618906516732254,3.1,-29.24528301886792,-4.73719606,-77.67058061714292,0.4000000000000057,0.4008016032064132,2.31677045,-25.438139551785767,0.7005018999999999,-233.73413373293255,1.8999999999999917,1.8867924528301885,5.05076223,-76.68622092367725,-0.7635643300000001,-28.809869515001672,0.2000000000000028,0.1855287569573205,3.9864656799999993,-30.84527820470636,0.3707139499999999,-200.18552779517628,-327.63149685214006,-172.85646021973733,-103.95103712882022,-142.0728446327048,-649.704995928222,-171.03086047742545,-357.17628023280946,-117.59327538632247,-117.76098873041089,-254.5280407900523,-40.41644367652005,-231.56518925593747,,,,,,,,,0.0,0.0,0.0,0.0,,,,
2023-01-01,67811.25,2.057608242062692,18330.625,-3.5507151057112774,5233.75,-0.3785256964872863,19306.25,-0.3665259207131122,19768.75,-3.0727657677735665,975.625,603.8068181818162,162.39303178483965,371.8181818181838,-122.72727272727208,1438.125,48.125,3.4622302158273444,1390.0,59.0909090909081,410608.0,573192.0,242.2075540887422,340.0267151838972,1223277.0,175820.0,69240.0,-15.55779978131454,76.45346794994028,2604111.0,195165.0,18925.0,-28.56158406563276,42.71767983678125,,,,,,,,99.4,1437069.0,-34.30730909235529,50.1,0.0,54.4,6.45792564,94.39,0.08482664,-2.50981202,,,99.2,-0.8,99.2,284408501.119,-12.0,-4.20730296,192546667.35,-21.0,-15.50995392,100.4,-5.63909774,0.1996008,101.9,-1.45067698,-0.68226121,105.8,-10.33898305,-2.03703704,275.41359579382,113.607047299042,217.19917934501004,-35.083384147446,-11.299106404861782,-121.506402664771,-51.679902907924834,-22.65510935641024,-9.445363465904988,,,,,,,2753.0,59895.0,726.5340909090883,-591.9907407407418,187.20920825542768,-754.3837725255813,-122.72727272727208,-24.81617647058804,267.72727272727207,-68.5681024447032,-10.9659090909081,-18.557692307690942,-0.9776604945550992,-22.019922523518275,59.0909090909081,4.439890710382444,225.6818181818162,-135.4706684856749,290620.0,242.2075540887422,442929.0,340.0267151838972,-225379.0,-15.55779978131454,76179.0,76.45346794994028,2980.0,4.497434349532137,-1041142.0,-28.56158406563276,58416.0,42.71767983678125,225.0,1.2032085561497263,,,,,,,,,,,,,,,0.1000000000000085,0.1007049345417954,-750494.0,-34.30730909235529,3.1000000000000014,6.595744680851068,6.56063618,-100.0,12.799999999999995,30.76923076923077,27.52054424,-130.66060190635557,0.0799999999999983,0.0848266355635729,0.1589949,-214.37054071377705,3.44351865,-57.84188449925291,,,,,-0.0999999999999943,-0.1007049345417843,-0.1,14.285714285714302,-4.899999999999992,-4.707012487992312,-12491481.78099996,-4.207302964112081,-2.1,21.21212121212121,-6.369842309999999,-294.5538221073295,-35346056.45000002,-15.50995392069644,-13.5,179.99999999999997,-16.87184457,-1238.854571033291,0.2000000000000028,0.1996007984031989,1.1515999299999995,-16.95849213089764,-0.2012007999999999,-50.1996000015968,-0.6999999999999886,-0.6822612085769841,0.08483166,-5.524661847555612,-2.56905366,-136.15984418423977,-2.200000000000003,-2.037037037037037,-1.4013776499999988,15.679565020849973,-2.2225658,-1197.9629465534078,103.00848170932905,-74.59417038811432,19.48450918217074,-63.29506398325256,148.322707639887,-54.96912748680791,1.757682183178126,-3.2892245788830987,48.83946866149839,-68.31212941667356,13.51748806820986,-58.86676595076858,,,,,,,,,230.0,9.11613158937772,3904.5800000000017,6.973657279227408,,,,
2023-02-01,68898.0,1.602610186362874,18654.5,1.766851921306567,4970.5,-5.0298543109625005,19680.0,1.9359015862738804,20045.0,1.397407524502059,1025.5,49.875,5.112107623318396,975.625,603.8068181818162,1390.5,-47.625,-3.311603650586703,1438.125,48.125,561422.0,806925.0,36.72943537388458,40.7774358330193,1454762.0,150661.0,69050.0,18.92335096629792,-14.309521101126156,2966249.0,215358.0,18460.0,13.906396463130788,10.346629774805937,,,,,,,,100.0,,0.0,52.6,4.78087649,56.3,9.10852713,94.59,0.21188685,-2.37382599,,2.4,98.6,-1.4,98.9,208640924.774,-2.8,-26.64040493,196621069.936,4.3,2.11605978,99.7,-6.03204524,-0.69721116,102.4,-0.7751938,0.49067713,103.1,-13.14237574,-2.55198488,364.287677422576,293.370160739795,242.14083289899528,88.87408162875602,32.26931530834407,179.763113440753,158.2323612086949,24.941653553985248,11.48330929665562,,,,,,,2753.0,59895.0,-553.9318181818162,-91.73990778206452,-157.28092416152126,-96.8520154053829,603.8068181818162,162.39303178483965,726.5340909090883,-591.9907407407418,-95.75,-198.96103896103892,-6.773833866414048,-195.64943531045213,48.125,3.4622302158273444,-10.9659090909081,-18.557692307690942,150814.0,36.72943537388458,233733.0,40.7774358330193,231485.0,18.923350966297917,-25159.0,-14.309521101126156,-190.0,-0.2744078567302188,362138.0,13.906396463130788,20193.0,10.346629774805937,-465.0,-2.457067371202115,,,,,,,,,,,,,,,0.5999999999999943,0.6036217303822866,,,2.5,4.990019960079839,4.78087649,inf,1.8999999999999984,3.492647058823528,2.650601490000001,41.044162440990895,0.2000000000000028,0.2118868524208172,0.12706021,149.78809722983252,0.1359860300000002,-5.418175899882738,,,,,-0.6000000000000085,-0.6048387096774244,-0.5999999999999999,74.99999999999997,-0.2999999999999971,-0.3024193548387122,-75767576.34500003,-26.640404927030627,9.2,-76.66666666666667,-22.43310197,533.1943571280162,4074402.585999996,2.116059780247337,25.3,-120.47619047619048,17.626013699999998,-113.6432370522478,-0.7000000000000028,-0.6972111553784854,-0.3929475,6.968269005388805,-0.8968119600000001,-449.3027883655777,0.5,0.4906771344455274,0.6754831799999998,-46.5633072911931,1.17293834,-171.91924776142557,-2.700000000000003,-2.551984877126656,-2.803392690000001,27.114781757960227,-0.51494784,25.27925756323017,123.957465776202,-353.3224310837353,43.56842171320585,-385.5917463920795,301.269516105524,-247.9453835339927,209.91226411661967,-406.1777447426876,47.59676291039548,-210.09284114061467,20.92867276256061,-221.57615043727031,,,,,,,,,0.0,0.0,0.0,0.0,,,,
2023-03-01,69030.86956521739,0.1928496693915482,18372.17391304348,-1.5134476236646432,5024.565217391304,1.0877219070778432,19539.130434782608,-0.7158006362672387,19682.60869565217,-1.8078887720021308,1166.9565217391282,141.45652173912822,13.793907531850635,1025.5,49.875,1310.4347826086923,-80.06521739130767,-5.758016353204432,1390.5,-47.625,283192.0,819422.0,-49.55808643052819,1.54871890200452,1957313.0,172624.0,69200.0,34.54523832764398,14.577760667989724,3624694.0,219903.0,18715.0,22.19790044598413,2.110439361435379,3609.7,1826.5,7172.9,936.3,2930.7,66.8,260.8,98.4,1970230.0,37.10058459266743,51.9,4.84848485,58.2,20.24793388,94.63,0.04228777,-2.05961499,3.9,3.0,97.5,-2.5,98.4,302448025.551,10.9,44.96102616,225374623.435,-2.0,14.62384144,98.3,-7.35155514,-1.40421264,101.7,-2.21153846,-0.68359375,98.3,-18.82741536,-4.6556741,516.976889834461,319.616290046738,313.6530364287744,152.68921241188497,41.91445988296896,26.246129306943036,8.946420876873717,71.5122035297791,29.53331029451325,,,,,,,2753.0,59895.0,91.58152173912822,183.6220987250691,8.68179990853224,169.828191193218,49.875,5.112107623318396,-553.9318181818162,-91.73990778206452,-32.44021739130767,68.11594202899246,-2.4464127026177285,73.87395838219672,-47.625,-3.311603650586703,-95.75,-198.96103896103892,-278230.0,-49.55808643052819,12497.0,1.54871890200452,502551.0,34.54523832764398,21963.0,14.577760667989724,150.0,0.2172338884866009,658445.0,22.19790044598413,4545.0,2.110439361435379,255.0,1.381365113759481,,,,,,,,,,,,,,,-1.5999999999999943,-1.5999999999999903,,,-0.7000000000000028,-1.3307984790874583,0.0676083600000003,1.4141415311902383,1.9000000000000057,3.374777975133214,11.13940675,122.29646561968356,0.039999999999992,0.0422877682630273,-0.1695990799999999,-80.04228672048312,0.3142109999999998,-13.236479898848852,,,0.6000000000000001,25.0,-1.0999999999999943,-1.1156186612576002,-1.1,78.57142857142858,-0.5,-0.5055611729019249,93807100.777,44.96102616426376,13.7,-489.28571428571433,71.60143109,-268.7700554032082,28753553.499000013,14.623841436911755,-6.3,-146.51162790697674,12.50778166,591.088294301402,-1.4000000000000057,-1.4042126379137487,-1.3195099,21.87500006216796,-0.7070014799999998,101.40421160212064,-0.7000000000000028,-0.68359375,-1.4363446599999998,185.28846076942304,-1.17427088,-239.31640751220664,-4.799999999999997,-4.655674102812801,-5.68503962,43.25732068896091,-2.10368922,82.4334515649638,63.81513078312895,71.803983358947,9.645144574624888,29.889523475978063,-153.51698413380996,-85.39960239640969,-149.28594033182117,-94.34602327328342,46.57054997579385,186.71797310869425,18.05000099785763,157.18466281418097,,,,,,,,,0.0,0.0,0.0,0.0,,,,
2023-04-01,68988.94736842105,-0.0607296374221855,18705.78947368421,1.8158741704697112,5590.789473684211,11.269119452028598,19410.526315789477,-0.6581875248869773,19942.105263157893,1.3184053573296994,704.7368421052633,-462.21967963386487,-39.60898894030891,1166.9565217391282,141.45652173912822,1236.3157894736833,-74.11899313500908,-5.656061188139394,1310.4347826086923,-80.06521739130767,248655.0,560214.0,-12.195612870420067,-31.633029135170887,1580727.0,176108.0,67410.0,-19.23994782643348,2.018259338214845,3285711.0,212237.0,18470.0,-9.352044613972932,-3.486082500011367,2811.9,1492.1,6583.5,840.9,2586.9,58.6,201.8,97.8,1761872.0,-10.575313542073772,49.2,3.79746835,56.4,34.60620525,94.69,0.06340484,-1.21022431,5.6,3.6,96.4,-3.6,97.9,288077191.721,7.1,-4.75150526,203029291.081,-8.8,-9.91475083,97.1,-8.65475071,-1.2207528,100.1,-4.75737393,-1.57325467,96.1,-21.42273099,-2.2380468,392.605046550195,207.812522576232,255.3793500633219,-124.37184328426594,-24.057524761714312,-111.80376747050602,-34.98062237508507,-58.27368636545248,-18.579028288376065,,,,,,,2753.0,59895.0,-603.6762013729931,-426.7574191356711,-53.40289647215955,-387.1484301953621,141.45652173912822,13.793907531850635,91.58152173912822,183.6220987250691,5.946224256298592,-7.426725924239042,0.1019551650650374,-1.7706647360995698,-80.06521739130767,-5.758016353204432,-32.44021739130767,68.11594202899246,-34537.0,-12.195612870420067,-259208.0,-31.633029135170887,-376586.0,-19.23994782643348,3484.0,2.018259338214845,-1790.0,-2.586705202312134,-338983.0,-9.352044613972932,-7666.0,-3.486082500011367,-245.0,-1.3091103393000236,-797.7999999999997,-22.101559686400527,-334.4000000000001,-18.308239802901728,-589.3999999999996,-8.21703913340489,-95.39999999999998,-10.189041973726365,-343.7999999999997,-11.730985771317426,-8.199999999999996,-12.2754491017964,-59.0,-22.622699386503065,-0.6000000000000085,-0.6097560975609873,-208358.0,-10.575313542073772,-2.699999999999996,-5.202312138728315,-1.0510165000000002,-21.677215305725877,-1.8000000000000045,-3.0927835051546504,14.35827137,70.91227902607118,0.0600000000000022,0.063404839902792,0.02111707,49.9365892313546,0.84939068,-41.24026500700501,1.6999999999999995,43.58974358974359,0.6000000000000001,20.0,-1.0999999999999943,-1.1282051282051175,-1.1,43.99999999999999,-0.5,-0.5081300813008172,-14370833.829999983,-4.751505255760613,-3.8000000000000007,-34.86238532110092,-49.712531420000005,-110.5680534138414,-22345332.354,-9.914750832825948,-6.800000000000001,340.00000000000006,-24.53859227,-167.79853891796571,-1.2000000000000028,-1.2207527975584995,-1.3031955699999995,17.726801271057326,0.1834598399999998,-13.064961443446332,-1.6000000000000083,-1.5732546705998107,-2.54583547,115.11603872355896,-0.8896609200000001,130.1446831542857,-2.200000000000003,-2.238046795523907,-2.5953156300000018,13.784768542972238,2.4176273,-51.92861974595688,-277.0610556961509,-181.45424376724677,-65.97198464468326,-157.39671900553245,-138.04989677744905,-525.9819273272038,-43.92704325195879,-491.00130495211937,-129.78588989523158,-181.48775102585972,-48.11233858288932,-162.90872273748369,,,,,,,,,0.0,0.0,0.0,0.0,,,,
2023-05-01,65759.0,-4.681833093020238,18307.5,-2.129231028952472,5503.5,-1.5613085431866347,18765.0,-3.32565075921909,19470.0,-2.3673792557402984,457.5,-247.23684210526332,-35.0821508588499,704.7368421052633,-462.21967963386487,1162.5,-73.81578947368325,-5.9706257982119375,1236.3157894736833,-74.11899313500908,169616.0,282783.0,-31.78661197241157,-49.5223253970804,2448234.0,196697.0,64920.0,54.88025446519229,11.69112135734891,4576030.0,248400.0,18015.0,39.27061753148711,17.038970584770794,3028.9,2108.0,6885.8,850.0,2606.3,67.5,230.7,97.6,1988406.0,12.857574216515166,48.8,-1.61290323,54.5,14.0167364,94.48,-0.22177632,-1.13017999,3.5,3.6,95.4,-4.6,97.4,280918556.318,-7.6,-2.48497125,215766730.015,-5.2,6.27369522,95.9,-8.75356803,-1.23583934,99.2,-1.68483647,-0.8991009,93.6,-22.19451372,-2.60145682,233.991581001473,120.911432121281,211.34613104174463,-158.61346554872202,-40.40026152043949,-86.901090454951,-41.81706154068412,-44.03321902157728,-17.242278598743066,,,,,,,2753.0,59895.0,214.98283752860152,-46.51096588940015,4.526838081459012,-11.428815030550254,-462.21967963386487,-39.60898894030891,-603.6762013729931,-426.7574191356711,0.3032036613258242,-0.4090768755769969,-0.3145646100725434,5.561548922635007,-74.11899313500908,-5.656061188139394,5.946224256298592,-7.426725924239042,-79039.0,-31.78661197241157,-277431.0,-49.5223253970804,867507.0,54.88025446519229,20589.0,11.69112135734891,-2490.0,-3.6938139741878095,1290319.0,39.27061753148711,36163.0,17.038970584770794,-455.0,-2.463454250135355,217.0,7.717201891959169,615.9000000000001,41.27739427652304,302.3000000000002,4.591782486519325,9.100000000000025,1.082173861339042,19.40000000000009,0.7499323514631451,8.899999999999999,15.187713310580197,28.899999999999977,14.321110009910786,-0.2000000000000028,-0.2044989775051187,226534.0,12.857574216515166,-0.4000000000000057,-0.8130081300813163,-5.41037158,-142.47311843955197,-1.8999999999999984,-3.3687943262411317,-20.589468850000003,-59.49646516068098,-0.2099999999999937,-0.2217763227373437,-0.28518116,-449.7782188236733,0.08004432,-6.614006952149232,-2.1,-37.5,0.0,0.0,-1.0,-1.0373443983402453,-0.9999999999999996,27.777777777777768,-0.5,-0.5107252298263587,-7158635.402999997,-2.484971253792656,-14.7,-207.04225352112675,2.26653401,-47.70138905412892,12737438.933999984,6.273695222093978,3.6000000000000005,-40.90909090909092,16.18844605,-163.27637807111688,-1.1999999999999886,-1.2358393408856694,-0.0988173200000002,1.1417696859347126,-0.0150865399999999,1.2358390658616436,-0.8999999999999915,-0.8991008991008909,3.07253746,-64.58473740364572,0.6741537700000001,-42.85089902196191,-2.5,-2.6014568158168605,-0.7717827299999982,3.602634651764336,-0.3634100200000003,16.237820406615278,-34.24162226445608,27.53165134506608,-16.34273675872518,67.93191286550552,24.90267701555501,-22.273558019522355,-6.836439165599053,19.543503521161764,14.240467343875196,-24.43721726229705,1.336749689632999,-7.194938663553973,,,,,,,,,0.0,0.0,0.0,0.0,,,,
2023-06-01,67996.5,3.402576073237129,18557.5,1.3655605626109455,5534.5,0.5632779140546829,18495.0,-1.4388489208633115,19665.0,1.001540832049308,-62.5,-520.0,-113.66120218579236,457.5,-247.23684210526332,1107.5,-55.0,-4.731182795698929,1162.5,-73.81578947368325,74420.0,167508.0,-56.12442222431846,-40.764473111891455,1741287.0,184924.0,67300.0,-28.875793735402745,-5.985348022593129,4032599.0,229908.0,18010.0,-11.87559959178589,-7.444444444444443,3000.6,2495.1,7399.0,875.0,2637.6,74.9,256.4,98.0,2219155.0,11.604722576777585,49.0,-2.39043825,53.2,-2.74223035,93.99,-0.51862828,-1.42632407,4.4,3.8,94.6,-5.4,96.9,283376665.126,-12.4,0.87502543,213818538.203,-7.0,-0.90291576,95.5,-9.22053232,-0.41710115,99.9,1.83486239,0.70564516,90.0,-25.37313433,-3.84615385,290.407627065338,244.256087246523,221.45846707536063,56.41604606386497,24.1102888498838,123.344655125242,102.01240111151805,10.112336033616003,4.784727301972058,,,,,,,2753.0,59895.0,-272.76315789473665,110.32464076636496,-78.57905132694245,223.98584295215733,-247.23684210526332,-35.0821508588499,214.98283752860152,-46.51096588940015,18.815789473683253,-25.490196078430404,1.239443002513008,-20.75901328273148,-73.81578947368325,-5.9706257982119375,0.3032036613258242,-0.4090768755769969,-95196.0,-56.12442222431846,-115275.0,-40.764473111891455,-706947.0,-28.875793735402745,-11773.0,-5.985348022593129,2380.0,3.666050523721509,-543431.0,-11.87559959178589,-18492.0,-7.444444444444443,-5.0,-0.0277546489036883,-28.300000000000185,-0.9343325959919492,387.0999999999999,18.36337760910816,513.1999999999998,7.453019257021687,25.0,2.941176470588225,31.299999999999727,1.200936193070623,7.400000000000006,10.962962962962974,25.69999999999999,11.14000866926743,0.4000000000000057,0.4098360655737654,230749.0,11.604722576777585,0.2000000000000028,0.4098360655737654,-0.77753502,48.20717111466135,-1.2999999999999972,-2.3853211009174258,-16.75896675,-119.56397175308228,-0.4900000000000091,-0.5186282811177056,-0.29685196,133.8519639968776,-0.2961440799999999,26.203266968122477,0.9000000000000004,25.714285714285733,0.1999999999999997,5.555555555555558,-0.8000000000000114,-0.8385744234800985,-0.8000000000000007,17.391304347826097,-0.5,-0.5133470225872738,2458108.8079999685,0.8750254309357164,-4.800000000000001,63.15789473684213,3.35999668,-135.21269833604714,-1948191.8119999769,-0.9029157608610672,-1.7999999999999998,34.615384615384606,-7.17661098,-114.3920883679778,-0.4000000000000057,-0.4171011470281649,-0.4669642899999999,5.334559443642095,0.8187381900000001,-66.24956525497886,0.7000000000000028,0.7056451612903247,3.51969886,-208.90447961397703,1.60474606,-178.48342271707213,-3.5999999999999943,-3.846153846153844,-3.1786206099999994,14.321650161389533,-1.2446970299999998,47.84615375626338,215.029511612587,-135.56825763102404,64.51055037032329,-159.6785464809078,210.24574558019305,-241.9368324142988,143.82946265220215,-343.9492335258168,54.14555505519328,-122.96524364630424,22.027005900715125,-127.74997094827629,,,,,,,,,0.0,0.0,0.0,0.0,,,,
2023-07-01,68933.80952380953,1.3784673090666777,18354.761904761905,-1.0924860311900653,5706.666666666667,3.110789893697108,18423.809523809523,-0.3849174165475921,19542.85714285714,-0.6211180124223725,69.04761904761835,131.54761904761835,-210.47619047618937,-62.5,-520.0,1188.0952380952367,80.59523809523671,7.2772224013757825,1107.5,-55.0,50960.0,158822.0,-31.52378392905133,-5.185423979750226,1558707.0,197823.0,69530.0,-10.485347906462296,6.975297960243121,3730658.0,235617.0,18380.0,-7.487503716585753,2.483167179915436,2670.9,1128.3,8461.7,849.5,2305.8,75.2,232.4,101.1,2049673.0,-7.637231288485935,49.3,0.6122449,51.5,-4.27509294,93.71,-0.29790403,-1.59613567,3.7,3.8,95.6,-4.4,96.8,280778782.19,-14.2,-0.91675965,201382521.006,-12.1,-5.81615481,97.0,-5.91658584,1.57068063,104.6,12.23175966,4.7047047,91.8,-21.33676093,2.0,233.748247068568,173.958764643842,191.73126185560224,-56.65937999676999,-19.51029336568435,-70.29732260268102,-28.780172234451328,-29.72720521975839,-13.4233771290589,,,,,,,2753.0,59895.0,651.5476190476184,-125.29761904761892,-96.81498829039704,85.17857142857046,-520.0,-113.66120218579236,-272.76315789473665,110.32464076636496,135.5952380952367,-246.536796536794,12.008405197074712,-253.81401893816985,-55.0,-4.731182795698929,18.815789473683253,-25.490196078430404,-23460.0,-31.52378392905133,-8686.0,-5.185423979750226,-182580.0,-10.485347906462296,12899.0,6.975297960243121,2230.0,3.3135215453194755,-301941.0,-7.487503716585753,5709.0,2.483167179915436,370.0,2.054414214325373,-329.6999999999998,-10.987802439512096,-1366.8,-54.779367560418414,1062.7000000000007,14.362751723205848,-25.5,-2.9142857142857137,-331.7999999999997,-12.579617834394895,0.2999999999999971,0.4005340453938633,-23.99999999999997,-9.36037441497659,3.0999999999999943,3.1632653061224536,-169482.0,-7.637231288485935,0.2999999999999971,0.6122448979591688,3.00268315,-125.61224495131802,-1.7000000000000028,-3.195488721804518,-1.5328625900000006,55.898389061298246,-0.2800000000000011,-0.2979040323438653,0.22072425,-42.55923915294401,-0.1698116,11.905541214066462,-0.7000000000000002,-15.909090909090915,0.0,0.0,1.0,1.0570824524312794,1.0,-18.518518518518512,-0.1000000000000085,-0.1031991744066096,-2597882.935999989,-0.916759654449628,-1.799999999999999,14.516129032258052,-1.79178508,-204.7694865279516,-12436017.196999997,-5.816154811232133,-5.1,72.85714285714285,-4.91323905,544.1525408749095,1.5,1.5706806282722583,3.3039464800000005,-35.83249171887292,1.98778178,-476.57067835943394,4.699999999999989,4.704704704704699,10.39689727,566.6308997700912,3.99905954,566.7238672762951,1.7999999999999972,2.0000000000000018,4.036373399999999,-15.908059869558889,5.84615385,-151.999999948,-113.07542606063495,-200.43132043076812,-43.62058221556815,-180.9210270650838,-193.64197772792303,-156.99259731303505,-130.79257334596934,-128.21242507858372,-39.83954125337439,-393.9697130409583,-18.20810443103096,-380.5463359118995,,,,,,,,,0.0,0.0,0.0,0.0,,,0.06527714901876158,1.0
2023-08-01,69326.95652173914,0.5703253608721814,18649.130434782608,1.6037719886975663,5701.95652173913,-0.0825375863470201,19004.34782608696,3.1510220594019422,19665.217391304348,0.6261123824053083,355.217391304348,286.16977225672963,414.4527736131988,69.04761904761835,131.54761904761835,1016.08695652174,-172.0082815734968,-14.477650954081913,1188.0952380952367,80.59523809523671,29140.0,104655.0,-42.81789638932496,-34.10547657125586,1844189.0,159215.0,69430.0,18.31530877836567,-19.5164364103264,4031283.0,288549.0,18980.0,8.058229942278272,22.465272030456205,2743.1,1615.9,8449.9,838.3,1643.4,80.0,251.3,102.9,2224741.0,8.541264874933718,49.7,0.60728745,51.0,-3.0418251,93.49,-0.23476683,-1.62054088,4.5,3.9,97.0,-3.0,96.8,283838806.932,-8.5,1.08983475,216619904.704,-7.2,7.56638839,98.0,-4.20332356,1.03092784,107.3,15.625,2.58126195,96.0,-16.08391608,4.5751634,227.150058523315,269.175636894382,175.50515471617388,-6.598188545252981,-2.8227756263419,95.21687225054004,54.73531181109743,-16.226107139428365,-8.462942861998513,,,,,,,2753.0,59895.0,154.62215320911127,117.5408223490083,624.9289640893882,-296.9119512641905,131.54761904761835,-210.47619047618937,651.5476190476184,-125.29761904761892,-252.6035196687335,-313.4223877721415,-21.754873355457693,-298.94473681805937,80.59523809523671,7.2772224013757825,135.5952380952367,-246.536796536794,-21820.0,-42.81789638932496,-54167.0,-34.10547657125586,285482.0,18.31530877836567,-38608.0,-19.5164364103264,-100.0,-0.1438228102977112,300625.0,8.058229942278272,52932.0,22.465272030456205,600.0,3.264417845484213,72.19999999999982,2.7032086562581936,487.60000000000014,43.21545688203494,-11.800000000001091,-0.1394518831913327,-11.200000000000044,-1.3184226015303224,-662.4000000000001,-28.727556596409052,4.799999999999997,6.382978723404253,18.90000000000001,8.13253012048194,1.8000000000000114,1.7804154302670794,175068.0,8.541264874933718,0.4000000000000057,0.8113590263691739,-0.00495745,-0.8097168306342772,-0.5,-0.9708737864077666,1.2332678400000003,-28.847743366253,-0.2199999999999988,-0.2347668338491093,0.0631371999999999,-21.19380526674982,-0.02440521,1.5290185200860895,0.7999999999999998,21.62162162162162,0.1,2.631578947368429,1.4000000000000057,1.4644351464435212,1.4000000000000004,-31.818181818181824,0.0,0.0,3060024.741999984,1.0898347510921669,5.699999999999999,-40.140845070422536,2.0065944,-218.87900498238557,15237383.697999984,7.566388394525059,4.9,-40.49586776859504,13.3825432,-230.09262368654183,1.0,1.0309278350515427,1.7132622799999997,-28.956941153751597,-0.5397527900000001,-34.364260925532655,2.700000000000003,2.581261950286806,3.39324034,27.74122803521468,-2.12344275,-45.13445339087912,4.200000000000003,4.575163398692816,5.252844849999999,-24.61875477366563,2.5751634,128.75817,50.06119145151701,-88.35464040441472,16.68751773934245,-85.53186477807282,165.51419485322106,-235.4487891220321,83.51548404554876,-290.1841009331295,13.501098080330024,-45.416641021324224,4.960434267060386,-36.9536981593257,,,,,,,,,0.0,0.0,0.0,0.0,1.6589953010393832,1.7591744598516605,0.018861260880746498,0.0
2023-09-01,69196.0,-0.1888969721295486,19533.0,4.739467978458034,5852.5,2.6402074040184687,19585.0,3.055364905056046,20385.0,3.660181295600262,52.0,-303.217391304348,-85.36107711138312,355.217391304348,286.16977225672963,852.0,-164.08695652173992,-16.148908857509692,1016.08695652174,-172.0082815734968,9632.0,131288.0,-66.94577899794098,25.44837800391764,1417349.0,152183.0,67240.0,-23.14513317235924,-4.416669283673025,4077443.0,262674.0,19445.0,1.145044890175173,-8.967281120364301,2589.8,2756.8,7456.1,885.1,1611.4,84.7,283.3,103.6,2437844.0,9.57877793415054,50.2,0.1996008,51.7,2.17391304,93.37,-0.12835597,-1.50843882,4.5,4.0,97.5,-2.5,96.9,296452812.815,-6.8,4.44407374,221333257.262,-6.3,2.17586309,98.6,-3.04818092,0.6122449,107.3,12.00417537,0.0,98.7,-11.71735242,2.8125,249.484819266559,99.2202832304126,200.6384782055877,22.334760743243976,9.832601800079011,-169.95535366396942,-63.13920369050925,25.13332348941381,14.32056142741751,,,,,,,2753.0,59895.0,-589.3871635610776,-205.95716972941665,-499.8138507245819,-120.5960926180335,286.16977225672963,414.4527736131988,154.62215320911127,117.5408223490083,7.921325051756867,-4.605199807412874,-1.6712579034277812,11.543709050096806,-172.0082815734968,-14.477650954081913,-252.6035196687335,-313.4223877721415,-19508.0,-66.94577899794098,26633.0,25.44837800391764,-426840.0,-23.145133172359238,-7032.0,-4.416669283673025,-2190.0,-3.154256085265738,46160.0,1.145044890175173,-25875.0,-8.967281120364301,465.0,2.4499473129610205,-153.29999999999973,-5.588567678903422,1140.9,70.60461662231575,-993.7999999999992,-11.761085930010996,46.80000000000007,5.582726947393546,-32.0,-1.9471826700742323,4.700000000000003,5.875000000000008,32.0,12.733784321528052,0.6999999999999886,0.680272108843516,213103.0,9.57877793415054,0.5,1.0060362173038184,-0.4076866499999999,-67.1324016328676,0.7000000000000028,1.3725490196078385,5.21573814,-171.46739107386549,-0.1199999999999903,-0.1283559739009399,0.10641086,-45.32619024587076,0.11210206,-6.917570632343439,0.0,0.0,0.1,2.564102564102577,0.5,0.5154639175257714,0.5,-16.666666666666664,0.1000000000000085,0.103305785123986,12614005.883000016,4.444073740072474,1.7000000000000002,-20.000000000000007,3.3542389900000003,307.7750080918231,4713352.557999998,2.1758630927478877,0.9000000000000004,-12.5,-5.3905253,-71.24304254754229,0.5999999999999943,0.6122448979591688,1.1551426400000002,-27.481649307054536,-0.4186829399999999,-40.61224498506122,0.0,0.0,-3.62082463,-23.173277632,-2.58126195,-100.0,2.700000000000003,2.812499999999996,4.366563660000002,-27.14863493617533,-1.7626634,-38.526785731849486,28.93294928849696,-438.4983710311303,12.655377426420912,-448.3309728312096,-265.17222591450945,-278.49289694873954,-117.87451550160668,-215.35369325823032,41.359430628842176,-254.89435188272304,22.783504289416022,-269.2149133101405,,,,,,,,,0.0,0.0,0.0,0.0,1.6210895534007457,1.3499216942100465,0.017732173088987613,0.0
2023-10-01,66940.0,-3.26030406381872,19117.058823529413,-2.129428026778213,5780.294117647059,-1.233761338794381,19541.176470588234,-0.2237606811935966,20252.941176470587,-0.6478235149836253,424.1176470588216,372.1176470588216,715.610859728503,52.0,-303.217391304348,1135.8823529411748,283.8823529411748,33.31952499309563,852.0,-164.08695652173992,6924.0,158686.0,-28.11461794019933,20.86862470294315,1257230.0,157289.0,67310.0,-11.297076443416543,3.3551710769271104,2943818.0,209137.0,19215.0,-27.80235063984954,-20.38153757128608,2440.0,2122.2,7043.5,827.2,1373.0,92.7,277.9,103.3,2429121.0,-0.3578161687130099,49.5,0.6097561,50.6,3.90143737,93.34,-0.03213023,-1.3944644,4.6,4.1,97.4,-2.6,96.9,274198382.276,-6.6,-7.50690484,218336260.192,2.9,-1.35406541,97.9,-2.1978022,-0.70993915,107.6,9.68399592,0.27958993,97.7,-9.53703704,-1.01317123,160.979522290178,219.90034883576,190.44380861220512,-88.50529697638098,-35.47522339698696,120.6800656053474,121.62842281461764,-10.19466959338257,-5.08111389428324,,,,,,,2753.0,59895.0,675.3350383631696,-222.72305538217512,800.9719368398861,-938.333915110678,-303.217391304348,-85.36107711138312,-589.3871635610776,-205.95716972941665,447.9693094629147,-273.00726331868015,49.46843385060532,-306.3267883117757,-164.08695652173992,-16.148908857509692,7.921325051756867,-4.605199807412874,-2708.0,-28.114617940199334,27398.0,20.86862470294315,-160119.0,-11.297076443416543,5106.0,3.3551710769271104,70.0,0.1041046995835737,-1133625.0,-27.80235063984954,-53537.0,-20.38153757128608,-230.0,-1.1828233479043493,-149.80000000000018,-5.784230442505223,-634.6000000000004,-23.01944283226931,-412.6000000000004,-5.533724064859646,-57.89999999999998,-6.541633713704664,-238.4000000000001,-14.794588556534691,8.0,9.44510035419126,-5.400000000000034,-1.9061066007765688,-0.2999999999999971,-0.2895752895752834,-8723.0,-0.3578161687130099,-0.7000000000000028,-1.394422310756982,0.4101553,205.4878036560976,-1.1000000000000014,-2.127659574468088,1.72752433,79.4661193071458,-0.0300000000000011,-0.032130234550709,0.09622574,-74.96787255006527,0.1139744200000001,-7.555786717289614,0.0999999999999996,2.2222222222222143,0.0999999999999996,2.499999999999991,-0.0999999999999943,-0.1025641025640955,-0.1,4.000000000000004,0.0,0.0,-22254430.53899997,-7.50690483510027,0.2000000000000001,-2.941176470588236,-11.95097858,-268.9194482177966,-2996997.069999993,-1.3540654066516278,9.2,-146.03174603174602,-3.5299285,-162.23118615427222,-0.6999999999999886,-0.7099391480730133,0.8503787200000001,-27.897908369559644,-1.32218405,-215.9567274468109,0.2999999999999971,0.2795899347623365,-2.3201794500000013,-19.32810358467798,0.27958993,inf,-1.0,-1.0131712259371817,2.18031538,-18.607577051949765,-3.82567123,-136.02386595555555,-110.84005771962497,-496.2670475579322,-45.30782519706597,-460.7918241609449,290.6354192693168,-171.00692211435268,184.76762650512688,-292.6353449289703,-35.32799308279638,-140.56236174923933,-19.40167532170075,-135.48124785495605,,,,,,,,,0.0,0.0,0.0,0.0,0.9654774347122581,0.5963076433374448,0.020612419125428424,0.0
2023-11-01,68305.0,2.039139527935463,18965.454545454544,-0.7930313939729761,5873.636363636364,1.6148355791158586,19440.90909090909,-0.5131082042581059,20227.272727272728,-0.1267393657750859,475.45454545454777,51.336898395726166,12.104400453916076,424.1176470588216,372.1176470588216,1261.8181818181838,125.93582887700904,11.087048632362272,1135.8823529411748,283.8823529411748,6120.0,167050.0,-11.611785095320624,5.270786332757771,1340509.0,162935.0,68220.0,6.624006744986999,3.5895707900743146,3207682.0,176406.0,18600.0,8.963325857780614,-15.650506605717784,2615.4,3015.9,7309.7,828.6,1595.7,100.6,295.3,102.0,2529684.0,4.139892578426507,49.4,2.91666667,50.2,7.49464668,93.35,0.01071352,-1.09133291,6.6,4.3,97.0,-3.0,96.9,292628693.462,0.7,6.72152441,223563544.516,-0.7,2.39414393,97.9,-1.90380762,0.0,110.1,9.3346574,2.32342007,96.1,-10.85343228,-1.63766633,229.345970653544,350.382442001969,207.97210385954008,68.36644836336598,42.46903419189565,130.482093166209,59.33691958972924,17.528295247334967,9.203919715251695,,,,,,,2753.0,59895.0,-320.78074866309544,-86.20412151869508,-703.5064592745869,-98.30852197261116,372.1176470588216,715.610859728503,675.3350383631696,-222.72305538217512,-157.94652406416571,-55.638021323887976,-22.232476360733354,-66.72506995625028,283.8823529411748,33.31952499309563,447.9693094629147,-273.00726331868015,-804.0,-11.611785095320624,8364.0,5.270786332757771,83279.0,6.624006744986999,5646.0,3.5895707900743146,910.0,1.3519536473035163,263864.0,8.963325857780614,-32731.0,-15.650506605717784,-615.0,-3.200624512099925,175.4000000000001,7.188524590163947,893.7000000000003,42.11195928753182,266.1999999999998,3.77937105132391,1.3999999999999773,0.1692456479690518,222.70000000000005,16.219956300072845,7.899999999999991,8.522114347357057,17.400000000000034,6.261245052177045,-1.2999999999999972,-1.2584704743465625,100563.0,4.139892578426507,-0.1000000000000014,-0.2020202020202033,2.3069105700000003,378.3333319666667,-0.3999999999999986,-0.7905138339920903,3.59320931,92.09962814294772,0.0099999999999909,0.0107135204628239,0.04284375,-133.3440501359623,0.3031314899999999,-21.738202136963835,2.0,43.47826086956521,0.2000000000000001,4.878048780487809,-0.4000000000000057,-0.4106776180698213,-0.3999999999999999,15.384615384615374,0.0,0.0,18430311.18599999,6.721524406168289,7.3,-110.6060606060606,14.22842925,-189.53789282348225,5227284.324000001,2.394143931659931,-3.6,-124.13793103448276,3.74820934,-276.8115419180525,0.0,0.0,0.2939945799999999,-13.37675337662324,0.70993915,-100.0,2.5,2.323420074349447,-0.3493385199999999,-3.607379875889083,2.04383014,731.0099258582025,-1.6000000000000083,-1.6376663254861867,-1.3163952400000003,13.80297921124567,-0.6244951000000001,61.63766612283297,156.87174533974695,-177.24560077077717,77.9442575888826,-219.71463496267285,9.802027560861603,8.12232534983579,-62.29150322488841,-51.21459423989344,27.722964840717538,-271.93588361816745,14.285033609534937,-281.1398033334192,,,,,,,,,0.0,0.0,0.0,0.0,0.9272747513019843,1.047588484546361,0.01788510000844017,0.0
2023-12-01,69047.61904761905,1.0872103764278718,18842.380952380958,-0.6489356359934306,6012.380952380952,2.362158297771977,19480.95238095238,0.2059743701080973,20033.33333333333,-0.9588014981273484,638.5714285714275,163.11688311687976,34.307566238731724,475.45454545454777,51.336898395726166,1190.952380952378,-70.8658008658058,-5.616165774667592,1261.8181818181838,125.93582887700904,23908.0,156868.0,290.65359477124184,-6.095181083507928,1295430.0,144501.0,68920.0,-3.362827105226452,-11.313714057753089,2887450.0,210510.0,19505.0,-9.98328387913765,19.33267575932792,2658.7,3249.9,8289.8,817.3,2152.9,114.1,304.0,101.7,,0.0,49.0,4.25531915,50.4,21.15384615,93.29,-0.06427424,-1.0815396,6.8,4.6,97.3,-2.7,97.0,303276227.214,2.3,3.63858158,228548798.415,0.2,2.22990466,98.2,-1.99600798,0.30643514,111.0,8.1871345,0.81743869,95.9,-11.2037037,-0.20811655,312.794116000289,240.850654334453,223.02369978288257,83.44814534674504,36.3852676848655,-109.53178766751604,-31.260638244795523,15.05159592334249,7.23731483406449,,,,,,,2753.0,59895.0,111.7799847211536,217.73809523806244,22.20316578481565,183.4305289993308,51.336898395726166,12.104400453916076,-320.78074866309544,-86.20412151869508,-196.80162974281484,-156.27135780002249,-16.703214407029865,-150.6551920253549,125.93582887700904,11.087048632362272,-157.94652406416571,-55.638021323887976,17788.0,290.65359477124184,-10182.0,-6.095181083507928,-45079.0,-3.362827105226452,-18434.0,-11.313714057753089,700.0,1.0260920551158126,-320232.0,-9.98328387913765,34104.0,19.332675759327916,905.0,4.865591397849456,43.29999999999973,1.6555784965970766,234.0,7.758877946881526,980.0999999999996,13.408211007291682,-11.300000000000068,-1.3637460777214616,557.2,34.9188443943097,13.5,13.419483101391648,8.699999999999989,2.946156451066706,-0.2999999999999971,-0.2941176470588225,,,-0.3999999999999986,-0.8097165991902799,1.33865248,45.89665640468954,0.1999999999999957,0.3984063745019917,13.65919947,182.25274723691177,-0.059999999999988,-0.0642742367434223,-0.07498776,-699.9357820772257,0.00979331,-0.8973714537757416,0.2000000000000001,3.030303030303028,0.2999999999999998,6.976744186046502,0.2999999999999971,0.3092783505154628,0.2999999999999998,-9.999999999999998,0.0999999999999943,0.1031991744065985,10647533.751999974,3.638581584749012,1.6,228.57142857142856,-3.08294283,-45.866720730989655,4985253.898999989,2.229904660794646,0.8999999999999999,-128.57142857142858,-0.1642392699999999,-6.860041618299862,0.2999999999999971,0.3064351378958108,-0.0922003599999998,4.84294521313029,0.30643514,inf,0.9000000000000057,0.8174386920980936,-1.1475228999999985,-12.29314425615662,-1.50598138,-64.81743871653825,-0.1999999999999886,-0.2081165452653355,-0.3502714200000003,3.2272871011086224,1.42954978,-87.29188320065174,15.08169698337906,22.0600855308736,-6.083766507030155,-14.3251821539919,-240.01388083372504,-183.9439228860267,-90.59755783452476,-152.6832846412312,-2.4766993239924773,-14.12972162463454,-1.966604881187207,-21.367036458698905,,,,,,,,,0.0,0.0,0.0,0.0,0.14968754527563877,-0.1612583194612245,0.04307668907812682,0.0
2024-01-01,68495.0,-0.800344827586219,19075.0,1.2345523010437454,5916.363636363636,-1.5969932174589307,19954.545454545456,2.431057087620281,20218.18181818182,0.9227045832703284,879.5454545454559,240.97402597402836,37.73642464917675,638.5714285714275,163.11688311687976,1143.1818181818198,-47.77056277055817,-4.011122823597457,1190.952380952378,-70.8658008658058,72916.0,99516.0,204.9857788188054,-36.56067521738022,1120127.0,153178.0,69350.0,-13.532417807214593,6.00480273492916,2930159.0,171096.0,19010.0,1.4791251796567817,-18.723101040330626,,,,,,,,101.4,2079824.0,-17.783248816848275,49.2,-1.79640719,50.7,-6.80147059,92.19,-1.17911888,-2.33075538,,,97.5,-2.5,97.5,306224051.564,7.7,0.97199321,222529355.712,15.6,-2.63376694,97.8,-2.58964143,-0.40733198,110.9,8.83218842,-0.09009009,96.5,-8.79017013,0.62565172,356.97471648219,249.564017361718,239.6974681015976,44.18060048190097,14.124498582914558,8.71336302726499,3.6177452169863455,16.67376831871502,7.476231600026018,,,,,,,2809.0,67323.52,77.85714285714857,47.730891719749714,3.428858410445024,9.9944670705729,163.11688311687976,34.307566238731724,111.7799847211536,217.73809523806244,23.095238095247623,-32.59010384851454,1.6050429510701347,-28.578981024917017,-70.8658008658058,-5.616165774667592,-196.80162974281484,-156.27135780002249,49008.0,204.9857788188054,-57352.0,-36.56067521738022,-175303.0,-13.532417807214593,8677.0,6.00480273492916,430.0,0.6239117817759654,42709.0,1.4791251796567817,-39414.0,-18.723101040330626,-495.0,-2.537810817739039,,,,,,,,,,,,,,,-0.2999999999999971,-0.2949852507374562,,,0.2000000000000028,0.4081632653061273,-6.05172634,-142.21556895444613,0.3000000000000042,0.5952380952380931,-27.95531674,-132.15240643130045,-1.1000000000000083,-1.179118876621299,-1.11484464,1734.5123645180404,-1.24921578,115.50347116277572,,,,,0.2000000000000028,0.205549845837627,0.2000000000000001,-7.407407407407418,0.5,0.5154639175257714,2947824.350000024,0.9719932145950684,5.4,234.7826086956522,-2.66658837,-73.28648022232883,-6019442.702999979,-2.633766943753446,15.4,7700.0,-4.8636716,-218.1111904578019,-0.4000000000000057,-0.4073319755600879,-0.59363345,29.741035905076885,-0.71376712,-232.9260018939081,-0.0999999999999943,-0.0900900900900891,0.6450539199999987,7.878872882813859,-0.90752878,-111.02102103828727,0.5999999999999943,0.6256517205422307,2.41353357,-21.54228311125365,0.83376827,-400.6256446207666,-39.26754486484407,-47.05622240216238,-22.260769101950935,-61.18072098507699,118.24515069478102,-107.95509980510354,34.878383461781866,-111.57284502208988,1.6221723953725302,10.777411270102032,0.2389167659615276,3.301179670075949,,,,,,,,,56.0,2.034144569560481,7428.520000000004,12.402571166207531,-0.761257979600896,-0.08370947142318075,0.01713656365605912,0.0
2024-02-01,68647.33333333333,0.2224006618487983,18813.33333333333,-1.3717780690257864,5899.666666666667,-0.2822167588608759,19940.0,-0.0728929384965937,20053.33333333333,-0.8153477218225569,1126.666666666668,247.121212121212,28.096468561584786,879.5454545454559,240.97402597402836,1240.0,96.81818181818016,8.469184890655912,1143.1818181818198,-47.77056277055817,527456.0,227172.0,623.3748422842723,128.27686000241164,767227.0,150856.0,68990.0,-31.505356089086323,-1.5158834819621658,1900436.0,200350.0,18925.0,-35.14222265754179,17.098003460045817,,,,,,,,100.6,1297605.0,-37.609865065505545,49.1,-6.6539924,51.4,-8.70337478,91.92,-0.29287341,-2.82270853,,7.0,97.3,-2.7,97.4,221659069.396,6.3,-27.61539524,180675326.347,-8.0,-18.80831822,97.8,-1.90571715,0.0,107.2,4.6875,-3.33633904,96.6,-6.30455868,0.10362694,170.818001770421,100.024597653399,167.97191002157467,-186.15671471176896,-52.14843128002222,-149.53941970831897,-59.920264663626014,-71.72555808002292,-29.923369090249007,,,,,,,2809.0,67323.52,6.147186147183675,2.550974580076204,-9.639956087591962,-25.54549398150857,240.97402597402836,37.73642464917675,77.85714285714857,47.730891719749714,144.58874458873834,-302.6733121885072,12.48030771425337,-311.14249707916326,-47.77056277055817,-4.011122823597457,23.095238095247623,-32.59010384851454,454540.0,623.3748422842723,127656.0,128.27686000241164,-352900.0,-31.505356089086323,-2322.0,-1.5158834819621658,-360.0,-0.5191059841384238,-1029723.0,-35.14222265754179,29254.0,17.098003460045817,-85.0,-0.4471330878485058,,,,,,,,,,,,,,,-0.8000000000000114,-0.7889546351084964,-782219.0,-37.609865065505545,-0.1000000000000014,-0.203252032520329,-4.85758521,270.4055760320131,0.6999999999999957,1.380670611439827,-1.9019041900000009,27.963131867339296,-0.269999999999996,-0.2928734136023347,0.8862454700000001,-75.16167241762764,-0.49195315,21.107026255153396,,,,,-0.2000000000000028,-0.2051282051282132,-0.2000000000000001,8.000000000000007,-0.0999999999999943,-0.1025641025640955,-84564982.16800001,-27.615395242828,-1.4000000000000004,-18.181818181818187,-28.58738845,-2941.1098921153985,-41854029.36500001,-18.80831822439102,-23.6,-151.28205128205127,-16.17455128,614.1223444774502,0.0,0.0,0.6839242799999998,-26.40999916347492,0.40733198,-100.0,-3.700000000000003,-3.336339044183956,-4.14468842,-46.92708333321539,-3.24624895,3603.336338103336,0.0999999999999943,0.1036269430051861,2.4856114499999995,-28.2771711268346,-0.52202478,-83.43696074231204,-230.33731519366995,-521.3539713839562,-66.27292986293678,-469.2055401039342,-158.25278273558396,-1816.207843520293,-63.53800988061236,-1756.2875788566669,-88.39932639873794,-530.1700533976864,-37.39960069027502,-500.2466843074374,,,,,,,,,0.0,0.0,0.0,0.0,-0.05266159876846899,0.27248284409809265,0.02330136264232214,0.0
2024-03-01,70993.33333333333,3.4174670538306806,19195.23809523809,2.029968613951616,6249.523809523809,5.930117117189826,20090.47619047619,0.7546448870420885,20223.809523809523,0.8501139817629122,895.2380952380954,-231.42857142857247,-20.54099746407446,1126.666666666668,247.121212121212,1028.5714285714275,-211.42857142857247,-17.05069124423971,1240.0,96.81818181818016,884908.0,404124.0,67.76906509737306,77.89340235592415,2059355.0,178865.0,72530.0,168.41534513253572,18.566712626610805,2913370.0,260121.0,19710.0,53.30008482264071,29.833291739455948,2241.5,1668.8,7476.9,993.4,3083.3,88.4,279.4,101.7,2182886.0,68.22422848247346,50.8,-2.1194605,53.0,-8.9347079,91.86,-0.06527415,-2.92719011,4.5,6.1,97.2,-2.8,97.3,279138166.508,-7.6,25.9313085,220560451.794,-2.0,22.07557958,97.7,-0.6103764,-0.10224949,105.0,3.24483776,-2.05223881,97.2,-1.1190234,0.62111801,242.846612100357,281.98114132909893,179.48343979338063,72.02861032993599,42.166873270618325,181.95654367569995,181.91179764222403,11.511529771805954,6.853246932970758,,,,,,,2809.0,67323.52,-478.5497835497845,-193.6498204431992,-48.63746602565925,-173.10882297912477,247.121212121212,28.096468561584786,6.147186147183675,2.550974580076204,-308.24675324675263,-318.376928236088,-25.519876134895625,-301.3262369918481,96.81818181818016,8.469184890655912,144.58874458873834,-302.6733121885072,357452.0,67.76906509737306,176952.0,77.89340235592415,1292128.0,168.41534513253572,28009.0,18.566712626610805,3540.0,5.131178431656758,1012934.0,53.30008482264071,59771.0,29.833291739455948,785.0,4.147952443857328,,,,,,,,,,,,,,,1.1000000000000083,1.093439363817117,885281.0,68.22422848247346,1.6999999999999955,3.462321792260692,4.534531899999999,-68.14753650755597,1.6000000000000014,3.112840466926081,-0.2313331199999986,2.657970337340787,-0.0600000000000022,-0.0652741514360344,0.22759926,-77.71250384253047,-0.1044815800000003,3.701465414851035,,,-0.9000000000000004,-12.857142857142868,-0.0999999999999943,-0.1027749229188024,-0.0999999999999996,3.703703703703698,-0.1000000000000085,-0.1026694045174636,57479097.11200002,25.931308503922317,-13.9,-220.63492063492063,53.54670374,-193.90163810670123,39885125.447,22.075579578806305,6.0,-75.0,40.8838978,-217.3713636795326,-0.0999999999999943,-0.1022494887525482,1.29534075,-67.97130151239915,-0.10224949,-inf,-2.200000000000003,-2.0522388059701524,-1.4426622400000002,-30.77679445333333,1.28410023,-38.488301536644784,0.6000000000000085,0.6211180124223725,5.185535280000001,-82.25056729902623,0.5174910699999999,499.378897031988,258.18532504170497,-138.69245890026565,94.31530455064056,-180.859332170884,331.4959633840189,-221.6779789774573,241.8320623058501,-403.5897766196813,83.23708785182887,-116.04941122795134,36.776616023219766,-122.9026581609221,,,,,,,,,0.0,0.0,0.0,0.0,1.5998742895702223,-0.06312451571344546,0.021408089771257653,0.0
2024-04-01,77126.5,8.639074091464005,20235.0,5.416770032250051,7123.25,13.980684242608966,20520.0,2.137947380895944,20935.0,3.5165999529079395,285.0,-610.2380952380954,-68.16489361702128,895.2380952380954,-231.42857142857247,700.0,-328.57142857142753,-31.944444444444372,1028.5714285714275,-211.42857142857247,805424.0,502213.0,-8.982176678253563,24.2720056220368,3092884.0,198340.0,82180.0,50.18702457808391,10.888099963659736,5106829.0,212955.0,20575.0,75.28940711272512,-18.13233072300967,2068.8,1373.6,6900.8,933.6,3033.1,83.1,234.6,102.5,1944056.0,-10.941020282323487,50.4,2.43902439,51.2,-9.21985816,91.8,-0.06531679,-3.05206463,6.7,6.3,97.5,-2.5,97.3,291717286.519,1.3,4.5064135,219838254.643,8.3,-0.32743728,98.2,1.13285273,0.51177073,105.4,5.29470529,0.38095238,97.7,1.66493236,0.51440329,166.740435130865,105.036771122407,171.2627344483271,-76.106176969492,-31.33919650402244,-176.94437020669193,-62.75042698695263,-8.220705345053517,-4.5802026941968,,,,,,,2809.0,67323.52,-378.8095238095229,163.68312757201534,-47.62389615294681,231.84802118903653,-231.42857142857247,-20.54099746407446,-478.5497835497845,-193.6498204431992,-117.14285714285506,55.40540540540415,-14.893753200204664,87.34984984984857,-211.42857142857247,-17.05069124423971,-308.24675324675263,-318.376928236088,-79484.0,-8.982176678253563,98089.0,24.2720056220368,1033529.0,50.18702457808391,19475.0,10.888099963659736,9650.0,13.304839376809596,2193459.0,75.28940711272512,-47166.0,-18.13233072300967,865.0,4.388635210553016,-172.69999999999982,-7.704662056658485,-295.20000000000005,-17.689357622243527,-576.0999999999995,-7.705064933327977,-59.79999999999996,-6.019730219448349,-50.20000000000027,-1.628125709467143,-5.300000000000011,-5.995475113122184,-44.79999999999998,-16.03435934144595,0.7999999999999972,0.7866273352999054,-238830.0,-10.941020282323487,-0.3999999999999986,-0.7874015748031482,4.558484890000001,-215.077605362308,-1.7999999999999972,-3.396226415094339,-0.28515026,3.19148944981178,-0.0600000000000022,-0.0653167864141157,-4.263999999999657e-05,0.0653244814371234,-0.1248745199999996,4.266020152684913,2.2,48.88888888888889,0.2000000000000001,3.278688524590168,0.2999999999999971,0.3086419753086433,0.2999999999999998,-10.71428571428571,0.0,0.0,12579120.010999978,4.50641349707348,8.9,-117.10526315789474,-21.424895,-82.62172732239873,-722197.1509999931,-0.3274372831238659,10.3,-515.0,-22.40301686,-101.48325564370076,0.5,0.5117707267144223,1.74322913,-285.59903856046856,0.61402022,-600.5117678337564,0.4000000000000057,0.3809523809523929,2.04986753,63.17319020597196,2.43319119,-118.5627704799131,0.5,0.5144032921810648,2.78395576,-248.7844096915221,-0.10671472,-17.181069987006182,-148.13478729942798,-205.661037497292,-73.50606977464076,-174.32184099326955,-358.9009138823919,-197.2454008150753,-244.66222462917665,-134.49497382812265,-19.73223511685947,-171.41279663097146,-11.433449627167558,-166.83259393677451,,,,,,,,,0.0,0.0,0.0,0.0,-0.5219994223989363,-0.08072369994419792,0.014423361713163578,0.0
2024-05-01,82656.0,7.16939054669925,20774.5,2.666172473437123,7758.25,8.914470220755977,20565.0,0.2192982456140413,21150.0,1.0269882971100983,-209.5,-494.5,-173.50877192982455,285.0,-610.2380952380954,375.5,-324.5,-46.35714285714285,700.0,-328.57142857142753,974096.0,586515.0,20.94201315083733,16.78610470059516,3189787.0,191999.0,82500.0,3.133095195293456,-3.197035393768277,4857119.0,225542.0,21535.0,-4.889727069381022,5.910638397783563,2418.8,2147.3,7178.5,893.2,2905.0,92.2,235.3,106.1,2015751.0,3.687908167254439,49.5,1.43442623,51.1,-6.23853211,91.91,0.11982571,-2.72015241,5.6,6.2,98.6,-1.4,97.6,301603113.273,7.4,3.38883817,220206909.909,2.0,0.16769387,99.5,3.75391032,1.32382892,108.6,9.47580645,3.03605313,99.5,6.3034188,1.84237462,206.280442270518,220.986055547571,184.1644205149855,39.540007139653,23.713508429206342,115.949284425164,110.38923149116972,12.901686066658383,7.533271092638682,198349.177,155427.263,,,,,2809.0,67323.52,115.7380952380954,-18.966055403823667,-105.34387831280328,154.5427165260009,-610.2380952380954,-68.16489361702128,-378.8095238095229,163.68312757201534,4.071428571427532,-1.2391304347822985,-14.41269841269848,45.11801242236055,-328.57142857142753,-31.944444444444372,-117.14285714285506,55.40540540540415,168672.0,20.94201315083733,84302.0,16.78610470059516,96903.0,3.133095195293456,-6341.0,-3.197035393768277,320.0,0.3893891457775522,-249710.0,-4.889727069381022,12587.0,5.910638397783563,960.0,4.665856622114206,350.0,16.91802010827532,773.7000000000003,56.32644146767621,277.6999999999998,4.024171110595876,-40.39999999999998,-4.327335047129388,-128.0999999999999,-4.223401800138471,9.100000000000009,10.950661853188937,0.700000000000017,0.2983802216538933,3.5999999999999943,3.512195121951222,71695.0,3.687908167254439,-0.8999999999999986,-1.7857142857142794,-1.0045981600000002,-41.18852456411886,-0.1000000000000014,-0.1953125,2.981326049999999,-32.33592098991682,0.1099999999999994,0.1198257080609943,0.1851425,-283.4531519384219,0.33191222,-10.875006274031618,-1.1000000000000003,-16.417910447761198,-0.0999999999999996,-1.5873015873015817,1.0999999999999943,1.1282051282051286,1.1,-44.00000000000001,0.2999999999999971,0.3083247687564183,9885826.754000008,3.388838169984876,6.1000000000000005,469.2307692307692,-1.1175753299999998,-24.79966230351476,368655.2660000026,0.16769386501847,-6.300000000000001,-75.90361445783132,0.4951311499999999,-151.21404319019507,1.2999999999999972,1.323828920570258,2.6210575900000004,231.36790163360425,0.81205819,158.676169307299,3.1999999999999886,3.036053130929784,4.181101160000001,78.96758990338442,2.65510075,696.9639486174099,1.7999999999999972,1.84237461617196,4.63848644,278.5990921577139,1.32797133,258.1576276465884,115.646184109145,-151.9537424084553,55.05270493322878,-175.66725083766164,292.89365463185595,-165.52866547249937,173.13965847812236,-275.917896963669,21.122391411711902,-256.94135144281097,12.11347378683548,-264.47462253544967,,,,,,,,,0.0,0.0,0.0,0.0,-0.1591237518643176,0.050538189990641635,0.01156483862221682,0.0
2024-06-01,79434.73684210527,-3.8971921674103904,20595.263157894737,-0.8627733139438432,7818.9473684210525,0.7823590168021477,20384.21052631579,-0.8791124419363472,21110.526315789477,-0.1866368047779065,-211.0526315789466,-1.5526315789466023,0.7411129255115112,-209.5,-494.5,515.2631578947367,139.76315789473665,37.22054804120816,375.5,-324.5,998492.0,614908.0,2.504475944876061,4.840967409188179,2148850.0,195709.0,78370.0,-32.633432890660096,1.932301730738173,3148872.0,191680.0,20320.0,-35.16996392305809,-15.013611655478798,2272.6,3365.6,7685.2,871.8,2805.3,102.5,261.3,106.5,2153819.0,6.849457100604184,49.5,1.02040816,50.5,-5.07518797,91.99,0.08704167,-2.12788595,5.3,6.0,99.2,-0.8,97.9,307235753.382,8.5,1.86756697,208198436.869,-2.5,-5.45326804,99.9,4.60732984,0.40201005,108.6,8.70870871,0.0,100.7,11.88888889,1.20603015,124.295466936886,104.167570021531,173.4343793636483,-81.984975333632,-39.74442483796703,-116.81848552604,-52.86237868565098,-10.73004115133719,-5.82633774826451,169574.256,140396.907,-28774.921,-14.507204635389035,-15030.356,-9.670347215726238,2809.0,67323.52,492.9473684210534,-99.68601990314528,174.24988485533606,-100.42713282865678,-494.5,-173.50877192982455,115.7380952380954,-18.966055403823667,464.2631578947367,-143.0703105993025,83.57769089835101,-180.29085864051063,-324.5,-46.35714285714285,4.071428571427532,-1.2391304347822985,24396.0,2.504475944876061,28393.0,4.840967409188179,-1040937.0,-32.633432890660096,3710.0,1.932301730738173,-4130.0,-5.006060606060602,-1708247.0,-35.16996392305809,-33862.0,-15.013611655478798,-1215.0,-5.641978175063844,-146.20000000000027,-6.044319497271388,1218.2999999999995,56.73636659991617,506.6999999999998,7.0585776972905245,-21.40000000000009,-2.3958799820868903,-99.69999999999982,-3.4320137693631625,10.299999999999995,11.171366594360087,26.0,11.049723756906072,0.4000000000000057,0.3770028275212223,138068.0,6.849457100604184,0.0,0.0,-0.41401807,-28.862974012961278,-0.6000000000000014,-1.1741682974559686,1.1633441400000004,-18.64772224439189,0.0799999999999983,0.0870416712000832,-0.03278404,-27.35977112090552,0.5922664599999998,-21.773282181640692,-0.2999999999999998,-5.357142857142849,-0.2000000000000001,-3.2258064516129115,0.6000000000000085,0.6085192697768749,0.5999999999999999,-42.85714285714285,0.3000000000000113,0.3073770491803351,5632640.109000027,1.8675669650338067,1.0999999999999996,14.864864864864868,-1.5212712000000002,-44.89064167971173,-12008473.04000002,-5.45326804002767,-4.5,-225.0,-5.62096191,-3351.9185346488816,0.4000000000000057,0.4020100502512669,0.8534195200000001,22.73414778859182,-0.92181887,-69.63277928691873,0.0,0.0,-0.7670977400000005,-8.095329342654534,-3.03605313,-100.0,1.2000000000000028,1.2060301507537785,5.58547009,88.61016961144958,-0.63634447,-34.53936366101266,-121.524982473285,-307.3468905659674,-63.457933267173374,-267.6024657280003,-232.767769951204,-200.74963903846864,-163.2516101768207,-147.88726035281763,-23.63172721799557,-183.1677433158652,-13.359608840903192,-177.34140556760073,,,,,,,,,0.0,0.0,0.0,0.0,0.12288704972007958,0.05511989764332004,0.013143006703089714,0.0
2024-07-01,77468.69565217392,-2.475039596139539,19736.52173913044,-4.169606439018092,7815.652173913043,-0.0421437100512789,19943.478260869564,-2.1621257535446192,20465.217391304348,-3.05681116061266,206.95652173912825,418.0091533180748,-198.05919982652,-211.0526315789466,-1.5526315789466023,728.6956521739121,213.43249427917544,41.42203668339464,515.2631578947367,139.76315789473665,826780.0,601255.0,-17.197133276981692,-2.220332147248038,2483488.0,182993.0,74470.0,15.57288782371966,-6.497401754645926,3471476.0,206742.0,19135.0,10.245065534578735,7.857888146911529,2279.9,2031.3,8831.1,830.4,2020.1,98.8,229.7,106.2,,0.0,49.4,0.20283976,50.2,-2.52427184,92.11,0.13044896,-1.70739516,5.1,5.9,99.2,-0.8,98.0,300223715.236,6.9,-2.28229888,214744461.409,6.8,3.14412761,99.8,2.88659794,-0.1001001,107.8,3.05927342,-0.73664825,100.2,9.1503268,-0.49652433,278.561630309805,202.913537430979,229.01164085374728,154.26616337291904,124.1124613589097,98.745967409448,94.79530662857702,55.57726149009898,32.04512374883151,194672.958,135569.217,25098.70200000002,14.801009653257749,-4827.690000000002,-3.438601393120433,2809.0,67323.52,419.5617848970214,-27022.623434058776,-198.8003127520315,-26824.564234232024,-1.5526315789466023,0.7411129255115112,492.9473684210534,-99.68601990314528,73.6693363844388,52.71012582580828,4.201488642186483,11.288089142413682,139.76315789473665,37.22054804120816,464.2631578947367,-143.0703105993025,-171712.0,-17.197133276981692,-13653.0,-2.220332147248038,334638.0,15.57288782371966,-12716.0,-6.497401754645926,-3900.0,-4.976394028327169,322604.0,10.245065534578735,15062.0,7.857888146911529,-1185.0,-5.831692913385822,7.300000000000182,0.3212179882073451,-1334.3,-39.64523413358688,1145.9000000000003,14.910477281007651,-41.39999999999998,-4.748795595320021,-785.2000000000003,-27.98987630556448,-3.700000000000003,-3.609756097560979,-31.600000000000023,-12.093379257558368,-0.2999999999999971,-0.28169014084507,,,-0.1000000000000014,-0.2020202020202033,-0.8175683999999999,-80.12170345638945,-0.2999999999999971,-0.5940594059405835,2.55091613,-50.26249559777389,0.1200000000000045,0.1304489618436877,0.04340729,49.86955098632644,0.4204907900000001,-19.76096463252648,-0.2000000000000001,-3.773584905660377,-0.0999999999999996,-1.6666666666666607,0.0,0.0,0.0,0.0,0.0999999999999943,0.1021450459652628,-7012038.146000028,-2.2822988759650165,-1.5999999999999996,-18.823529411764707,-4.149865849999999,-222.2070703038831,6546024.540000021,3.1441276113512995,9.3,-372.0,8.59739565,-157.6558420920751,-0.1000000000000085,-0.1001001001001089,-1.7207319,-37.347703762403086,-0.50211015,-124.89989989056242,-0.7999999999999972,-0.7366482504604033,-5.64943529,-64.87110176865704,-0.73664825,-inf,-0.5,-0.4965243296921495,-2.7385620900000003,-23.034634399716392,-1.70255448,-141.17014238823137,236.25113870655105,-288.1639443631518,163.85688619687673,-412.27640572206144,215.564452935488,-184.52940214452323,147.657685314228,-279.3247087731002,66.30730264143617,-617.9594440154862,37.871461497096014,-650.0045677643179,53873.62300000002,-187.22422556781308,29.308214288646784,-202.0252352210708,10202.665999999996,-67.8804015021334,6.231745822605806,-64.44180010901299,0.0,0.0,0.0,0.0,0.1334128643856598,0.03492147313657612,0.011783046913063602,0.0
2024-08-01,73196.81818181818,-5.514327347830939,19271.81818181818,-2.3545362422747185,7309.772727272727,-6.472645345308892,19822.727272727272,-0.605466040390823,19936.36363636364,-2.5841589895127197,550.9090909090919,343.9525691699637,166.19556913674893,206.95652173912825,418.0091533180748,664.5454545454559,-64.15019762845623,-8.803428075504149,728.6956521739121,213.43249427917544,540160.0,781517.0,-34.66702145673577,29.980956499322243,2545078.0,168270.0,74220.0,2.4799797703874527,-8.04566294885597,3299775.0,183723.0,19850.0,-4.9460517658771135,-11.134167222915517,2285.1,2317.8,9074.2,897.7,1498.0,110.5,251.1,105.3,2140864.0,-0.6014897259240426,49.1,-1.20724346,50.3,-1.37254902,92.24,0.1411356,-1.33704139,4.5,5.8,98.2,-1.8,98.1,308242308.388,8.6,2.67087267,216689661.262,0.2,0.90582073,99.1,1.12244898,-0.70140281,105.6,-1.58434296,-2.04081633,96.8,0.83333333,-3.39321357,207.982325897929,140.037651388573,191.118520250742,-70.57930441187602,-25.337051744484896,-62.875886042406,-30.98654078897679,-37.893120603005286,-16.546373128344516,169546.881,137858.858,-25126.07700000002,-12.906814206829909,2289.6410000000037,1.6889092160206287,2809.0,67323.52,-74.05658414811114,-17.716498205903974,364.2547689632689,-183.9120673426529,418.0091533180748,-198.05919982652,419.5617848970214,-27022.623434058776,-277.58269190763167,-130.0564343986657,-50.22546475889879,-121.25300632316151,213.43249427917544,41.42203668339464,73.6693363844388,52.71012582580828,-286620.0,-34.66702145673577,180262.0,29.980956499322243,61590.0,2.4799797703874527,-14723.0,-8.04566294885597,-250.0,-0.3357056532832025,-171701.0,-4.9460517658771135,-23019.0,-11.134167222915517,715.0,3.736608309380718,5.199999999999818,0.2280801789552144,286.5000000000002,14.104268202628866,243.1000000000004,2.752771455424585,67.30000000000007,8.104527938342976,-522.0999999999999,-25.84525518538686,11.700000000000005,11.842105263157896,21.40000000000001,9.316499782324785,-0.9000000000000057,-0.8474576271186529,,,-0.2999999999999971,-0.6072874493927016,-1.41008322,-695.1710157811269,0.0999999999999943,0.1992031872509736,1.15172282,-45.6259425688479,0.1299999999999954,0.1411355987406271,0.0106866399999999,8.19220022911642,0.3703537699999999,-21.69115730654876,-0.5999999999999996,-11.764705882352931,-0.1000000000000005,-1.6949152542372947,-1.0,-1.008064516129037,-1.0,125.0,0.0999999999999943,0.1020408163265207,8018593.15200001,2.670872667636126,1.6999999999999993,24.63768115942029,4.95317155,-217.02554356071016,1945199.8529999848,0.9058207323425104,-6.6,-97.05882352941175,-2.23830688,-71.19007742818684,-0.7000000000000028,-0.7014028056112287,-1.7641489600000002,-61.11516036071168,-0.60130271,600.7014078907015,-2.200000000000003,-2.0408163265306145,-4.64361638,-151.78821054837263,-1.3041680800000002,177.04081697065055,-3.4000000000000057,-3.3932135728542923,-8.31699347,-90.89285718188776,-2.89668924,583.3932125742962,-224.84546778479503,-145.7516430490719,-149.4495131033946,-120.414591304587,-161.621853451854,-163.6743835641333,-125.78184741755382,-132.68784277515653,-93.47038209310426,-168.18097831206725,-48.59149687717603,-151.63460518372273,-50224.77900000004,-200.10906938534112,-27.707823860087657,-187.20225517851128,7117.331000000006,-147.4272581710922,5.127510609141062,-149.11616738711294,0.0,0.0,0.0,0.0,0.23302919257506227,0.11296525527029444,0.014837406233878343,0.0
2024-09-01,74801.57894736843,2.192391425490769,19677.36842105263,2.1043693719415835,7347.368421052632,0.5143209670477988,20173.68421052632,1.7704775582616294,20315.78947368421,1.9031847745218045,496.3157894736869,-54.59330143540501,-9.909675178043798,550.9090909090919,343.9525691699637,638.4210526315801,-26.12440191387577,-3.931168550651609,664.5454545454559,-64.15019762845623,208528.0,734678.0,-61.39514218009479,-5.993343714852017,2068209.0,170549.0,78830.0,-18.736911010193,1.3543709514470814,2846201.0,163427.0,20460.0,-13.745603866930322,-11.047065419136414,2560.9,3052.0,8023.6,962.9,1884.1,130.8,283.9,103.9,2483409.0,16.000315760365915,49.8,-0.79681275,50.0,-3.28820116,92.31,0.07588899,-1.13526829,5.4,5.8,97.2,-2.8,98.0,303372463.959,2.4,-1.57987541,221615361.041,0.2,2.27315865,98.3,-0.30425963,-0.80726539,103.4,-3.63466915,-2.08333333,92.9,-5.87639311,-4.02892562,223.656415028356,156.326000308643,202.1776237145468,15.674089130427006,7.536260142661999,16.28834892006998,11.631406809925338,11.059103463804805,5.786515848540264,160345.427,132049.324,-9201.453999999998,-5.427085385310038,-5809.534000000014,-4.214117311199561,2809.0,67323.52,-398.5458706053687,-115.87233424862944,-176.10524431479274,-105.96265907058564,343.9525691699637,166.19556913674893,-74.05658414811114,-17.716498205903974,38.02579571458045,-59.27619418231173,4.87225952485254,-55.345025631660185,-64.15019762845623,-8.803428075504149,-277.58269190763167,-130.0564343986657,-331632.0,-61.39514218009479,-46839.0,-5.993343714852017,-476869.0,-18.736911010193,2279.0,1.3543709514470814,4610.0,6.211263810293732,-453574.0,-13.745603866930322,-20296.0,-11.047065419136414,610.0,3.0730478589420684,275.8000000000002,12.06949367642556,734.1999999999998,31.67658986970401,-1050.6000000000004,-11.577880143704132,65.19999999999993,7.263005458393668,386.0999999999999,25.77436582109478,20.30000000000001,18.371040723981903,32.79999999999998,13.062524890481876,-1.3999999999999917,-1.3295346628679927,342545.0,16.000315760365915,0.6999999999999957,1.4256619144602745,0.41043071,-33.997343833198315,-0.2999999999999971,-0.5964214711729587,-1.91565214,139.56894158869457,0.0700000000000073,0.0758889852558564,-0.06524661,-46.22973225748854,0.2017731,-15.091013749394854,0.9000000000000004,20.000000000000018,0.0,0.0,-1.0,-1.0183299389002087,-0.9999999999999998,55.555555555555536,-0.0999999999999943,-0.1019367991844988,-4869844.42900002,-1.5798754085601052,-6.199999999999999,-72.09302325581395,-4.25074808,-159.15203026133028,4925699.779000014,2.273158650169438,0.0,0.0,1.3673379200000002,150.95016869397546,-0.7999999999999972,-0.8072653884964698,-1.42670861,-127.10676702650665,-0.1058625799999999,15.092979168418209,-2.1999999999999886,-2.083333333333326,-2.05032619,129.41176511429066,-0.0425169999999996,2.083332996458309,-3.899999999999992,-4.0289256198347,-6.709726440000001,-805.1671760206688,-0.63571205,18.73480807752399,86.25339354230303,-122.20776934688747,32.8733118871469,-129.7440294895495,79.16423496247597,-125.90555767132167,42.61794759890213,-137.53696448124705,48.95222406681009,-129.18499001353746,22.33288897688478,-134.97150586207778,15924.62300000002,-63.37886730188724,7.4797288215198705,-57.9517819165772,-8099.1750000000175,-353.73121812546185,-5.90302652722019,-349.5171008142624,0.0,0.0,0.0,0.0,0.42096236781907925,0.24495687020308354,0.01837655170780493,0.0
2024-10-01,77098.88888888889,3.0712051454647504,20740.555555555555,5.403096144530339,7970.555555555556,8.48177332059854,20805.555555555555,3.1321564193987683,21141.666666666668,4.065198618307431,65.0,-431.3157894736869,-86.90349946977737,496.3157894736869,-54.59330143540501,401.11111111111313,-237.30994152046696,-37.17138407987522,638.4210526315801,-26.12440191387577,203792.0,647560.0,-2.271157830123538,-11.857984041988468,1553108.0,158178.0,76540.0,-24.905655086115573,-7.253633853027575,2811125.0,198152.0,20710.0,-1.2323795824680015,21.24801899318962,2094.6,2502.3,7310.0,897.1,1620.2,142.8,295.4,105.1,2709337.0,9.097494613251378,50.1,1.21212121,50.2,-0.79051383,92.38,0.07583144,-1.02849796,5.3,5.8,97.1,-2.9,97.8931,308855475.342,12.7,1.80735302,213138567.625,-2.4,-3.82500264,99.0,1.12359551,0.7121058,104.8,-2.60223048,1.35396518,93.7,-4.09416581,0.86114101,228.078182581377,102.011087338685,204.92841907731767,4.421767553020999,1.9770358710526457,-54.31491296995799,-34.74464443708729,2.750795362770873,1.3605834870503264,183140.711,133117.662,22795.28400000001,14.21636053268922,1068.338000000018,0.8090446566769494,2809.0,67323.52,-376.7224880382819,690.0525854513878,-76.99382429173357,776.9560849211649,-54.59330143540501,-9.909675178043798,-398.5458706053687,-115.87233424862944,-211.1855396065912,808.384208384199,-33.24021552922362,845.5555924640752,-26.12440191387577,-3.931168550651609,38.02579571458045,-59.27619418231173,-4736.0,-2.271157830123538,-87118.0,-11.857984041988468,-515101.0,-24.905655086115573,-12371.0,-7.253633853027575,-2290.0,-2.904985411645311,-35076.0,-1.2323795824680015,34725.0,21.24801899318962,250.0,1.221896383186705,-466.3000000000002,-18.208442344488272,-549.6999999999998,-18.011140235910872,-713.6000000000004,-8.893763397975974,-65.79999999999995,-6.833523730397751,-263.89999999999986,-14.00668754312403,12.0,9.174311926605494,11.5,4.050722085241287,1.1999999999999886,1.1549566891241536,225928.0,9.097494613251378,0.3000000000000042,0.6024096385542244,2.00893396,-252.1212116648485,0.2000000000000028,0.4000000000000003,2.49768733,-75.95907940133444,0.0699999999999931,0.0758314375473911,-5.755000000000343e-05,-0.0758344524021237,0.10677033,-9.404854424322906,-0.1000000000000005,-1.85185185185186,0.0,0.0,-0.1000000000000085,-0.1028806584362218,-0.1,3.571428571428581,-0.106899999999996,-0.1090816326530519,5483011.383000016,1.807353017952562,10.3,429.1666666666667,3.3872284300000004,-214.39845247037547,-8476793.416000009,-3.825002642498121,-2.6,-1299.9999999999998,-6.09816129,-268.2681778502349,0.7000000000000028,0.7121057985757906,1.42785514,-469.2883968865669,1.51937119,-188.2121058107049,1.3999999999999917,1.3539651837524147,1.0324386700000003,-28.405299833136134,3.43729851,-164.99032874398455,0.7999999999999972,0.8611410118406937,1.7822273000000006,-30.328592159145064,4.89006663,-121.37396147809748,-11.252321577406008,-71.78931728519183,-5.559224271609353,-73.7663531562446,-70.60326189002797,-433.4586779574257,-46.37605124701263,-398.7140335203383,-8.30830810103393,-75.12641624365017,-4.425932361489937,-76.48699973070056,31996.73800000001,-347.73567307949395,19.64344591799926,-361.95203361218296,6877.872000000032,-118.38939233336126,5.023161967876511,-119.19843699003845,0.0,0.0,0.0,0.0,-0.10594312013087948,-0.08465179082899155,0.016729499780324893,0.0
2024-11-01,75273.33333333333,-2.367810459871167,20843.33333333333,0.4955401387512381,7717.619047619048,-3.1733861733164725,20928.571428571428,0.5912645432004648,21140.47619047619,-0.0056309476884952,85.23809523809541,20.23809523809541,31.1355311355314,65.0,-431.3157894736869,297.1428571428587,-103.96825396825444,-25.920063316185185,401.11111111111313,-237.30994152046696,84804.0,418172.0,-58.38698280599828,-35.42343566619309,1803746.0,161189.0,73830.0,16.13783458716329,1.903551694925976,3612540.0,170438.0,20390.0,28.50869313886788,-13.98623279098874,2356.4,3147.2,7495.1,860.9,1967.9,157.4,344.8,104.8,2923463.0,7.903261941943729,50.3,1.82186235,50.0,-0.39840637,92.51,0.1407231,-0.89983931,5.4,5.8,97.5,-2.5,97.9,311877394.264,6.6,0.97842491,214551373.611,-4.0,0.66285797,98.6,0.71501532,-0.4040404,102.4,-6.99364214,-2.29007634,94.6,-1.56087409,0.96051227,233.826349569436,264.5292569,282.5926597399031,5.748166988058983,2.5202616589633964,162.518169561315,159.31422142550215,77.66424066258546,37.89822856793885,173534.339,138320.305,-9606.372000000005,-5.245350390716785,5202.642999999982,3.9083040686216153,2809.0,67323.52,451.5538847117823,-104.69217583311546,118.03903060530877,-135.82770696864682,-431.3157894736869,-86.90349946977737,-376.7224880382819,690.0525854513878,133.34168755221253,-56.18883334506759,11.251320763690044,-30.268770028882415,-237.30994152046696,-37.17138407987522,-211.1855396065912,808.384208384199,-118988.0,-58.38698280599828,-229388.0,-35.42343566619309,250638.0,16.13783458716329,3011.0,1.903551694925976,-2710.0,-3.540632349098516,801415.0,28.50869313886788,-27714.0,-13.98623279098874,-320.0,-1.5451472718493453,261.8000000000002,12.498806454693035,644.8999999999996,25.772289493665813,185.1000000000004,2.532147742818069,-36.200000000000045,-4.0352246126407305,347.70000000000005,21.46031354153808,14.599999999999994,10.224089635854329,49.400000000000034,16.723087339201093,-0.2999999999999971,-0.2854424357754515,214126.0,7.903261941943729,0.1999999999999957,0.3992015968063755,0.6097411399999999,50.303644138031366,-0.2000000000000028,-0.3984063745020028,0.3921074599999999,-49.60159394048805,0.1300000000000096,0.1407231002381603,0.0648916599999999,85.57355629802097,0.1286586499999999,-12.509373377852883,0.1000000000000005,1.8867924528301885,0.0,0.0,0.4000000000000057,0.4119464469618972,0.3999999999999999,-13.793103448275856,0.0069000000000016,0.0070485049508128,3021918.921999991,0.9784249149715762,-6.1,-48.03149606299213,-0.8289281100000001,-45.86420587606067,1412805.9860000014,0.6628579715735494,-1.6,66.66666666666667,4.48786061,-117.32960816989136,-0.4000000000000057,-0.4040404040404066,-0.4085801899999999,-36.363636768181806,-1.1161462,-156.73881605795094,-2.3999999999999915,-2.2900763358778558,-4.391411660000001,168.75567686072145,-3.64404152,-269.1384958658981,0.8999999999999915,0.960512273212366,2.53329172,-61.87565031715215,0.0993712599999999,11.539487592165653,1.3263994350379846,29.997041208820985,0.5432257879107505,27.47677954985801,216.833082531273,-399.2146367816241,194.05886586258944,-558.5288582071263,74.91344529981458,2723.3376322240983,36.53764508088853,2685.439403656164,-32401.656000000017,-142.14192725126827,-19.46171092340601,-136.8965768605515,4134.304999999964,386.9847370401404,3.099259411944666,383.0764329715111,0.0,0.0,0.0,0.0,0.6315925496764627,0.1873325237353758,0.016256141015397,0.0
2024-12-01,74563.18181818182,-0.943430407162571,20079.545454545456,-3.66442289519211,7677.727272727273,-0.5168922519450003,20750.0,-0.8532423208191031,20681.81818181818,-2.1695727405830034,670.4545454545441,585.2164502164487,686.566785170134,85.23809523809541,20.23809523809541,602.2727272727243,305.1298701298656,102.687937062935,297.1428571428587,-103.96825396825444,71744.0,266078.0,-15.400216970897596,-36.3711582793683,1296192.0,153745.0,73770.0,-28.138884299674128,-4.618181141393018,2687049.0,159521.0,19780.0,-25.618844358816784,-6.405261737405976,2368.7,4225.9,8462.4,899.1,2369.5,164.7,349.9,104.4,3052171.0,4.402586932004948,50.1,2.24489796,52.2,3.57142857,92.55,0.04323857,-0.79322543,6.2,5.8,97.7,-2.3,97.8,335645884.471,10.7,7.62110068,230469913.179,1.0,7.41945358,98.3,0.10183299,-0.30425963,101.5,-8.55855856,-0.87890625,95.6,-0.31282586,1.05708245,364.407874729867,489.806229539936,327.5750370944677,130.581525160431,55.845513305442985,225.276972639936,85.16145823714972,44.98237735456456,15.917744429726554,217494.663,158090.621,43960.32399999999,25.332348775074426,19770.31600000002,14.293140837131624,2809.0,67323.52,564.9783549783533,2791.6577540106628,655.4312540346026,2105.090968840529,20.23809523809541,31.1355311355314,451.5538847117823,-104.69217583311546,409.09812409812,-393.4836918806328,128.60800037912017,-496.17162894356784,-103.96825396825444,-25.920063316185185,133.34168755221253,-56.18883334506759,-13060.0,-15.400216970897596,-152094.0,-36.3711582793683,-507554.0,-28.138884299674128,-7444.0,-4.618181141393018,-60.0,-0.0812677773262882,-925491.0,-25.618844358816784,-10917.0,-6.405261737405976,-610.0,-2.99166257969593,12.299999999999727,0.5219826854523824,1078.6999999999998,34.27491103202846,967.2999999999992,12.90576509986523,38.200000000000045,4.437216866070393,401.5999999999999,20.407541033589105,7.299999999999983,4.637865311308764,5.099999999999966,1.4791183294663446,-0.3999999999999915,-0.3816793893129722,128708.0,4.402586932004948,-0.1999999999999957,-0.3976143141153021,0.4230356099999999,23.21995457011337,2.200000000000003,4.400000000000004,3.96983494,-996.428581199643,0.039999999999992,0.043238568803372,-0.0974845299999999,-69.27400689723294,0.1066138799999999,-11.848102079470156,0.7999999999999998,14.814814814814811,0.0,0.0,0.2000000000000028,0.2051282051282132,0.2000000000000001,-8.000000000000007,-0.1000000000000085,-0.1021450459652739,23768490.207000017,7.621100677428494,4.1,62.12121212121211,6.642675769999999,678.9152342820053,15918539.567999989,7.419453578918422,5.0,-125.0,6.75659561,1019.3127209438244,-0.2999999999999971,-0.3042596348884374,-0.61318233,-85.7579289350052,0.09978077,-24.69574082195741,-0.9000000000000057,-0.87890625,-1.5649164199999994,22.37627245823017,1.4111700900000002,-61.62109381908203,1.0,1.0570824524312794,1.24804823,-79.95828990921363,0.09657018,10.054028773625156,124.83335817237202,2171.707231743544,53.32525164647959,2115.861718438104,62.758803078620986,38.61648408176495,-74.15276318835244,-46.544974155384764,-32.681863308020894,-42.08096677338056,-21.980484138212297,-57.998711203107135,53566.696,-557.6162988483059,30.57769916579121,-582.9486476233806,14567.67300000004,280.0052396445439,10.38483676851001,265.712098807413,0.0,0.0,0.0,0.0,-0.5259026469416428,-0.2125132293945643,0.007016271650576561,0.0
2025-01-01,75122.22222222222,0.7497539541748477,20024.444444444445,-0.2744136326479296,7717.777777777777,0.5216453206507099,20872.222222222223,0.5890227576974549,20650.0,-0.1538461538461488,847.7777777777774,177.32323232323324,26.44821092278737,670.4545454545441,585.2164502164487,625.5555555555547,23.28282828283045,3.8658280922435617,602.2727272727243,305.1298701298656,101780.0,255408.0,41.86552185548618,-4.010102300829077,1103418.0,153002.0,75540.0,-14.87233372833654,-0.483267748544669,2299746.0,162606.0,20240.0,-14.413693237451197,1.9339146570044097,,,,,,,,103.5,2093974.0,-31.39394876630438,49.1,-0.20325203,50.2,-0.98619329,93.26,0.76715289,1.16064649,,,97.7,-2.3,97.7,324276934.093,5.9,-3.38718599,186365806.82,-16.3,-19.13660041,98.4,0.61349693,0.1017294,100.4,-9.46798918,-1.08374384,96.2,-0.31088083,0.62761506,256.9,281.9,309.1073681757701,-107.507874729867,-29.50207231651123,-207.906229539936,-42.44662827894568,-18.4676689186976,-5.637691163069858,189158.82,158675.68,-28335.842999999997,-13.028293480470364,585.0589999999793,0.3700782477158881,,,-407.8932178932155,-69.69954753362653,-660.1185742473467,-96.14775845641392,585.2164502164487,686.566785170134,564.9783549783533,2791.6577540106628,-281.84704184703514,-92.36953488921912,-98.82210897069145,-96.23536298146269,305.1298701298656,102.687937062935,409.09812409812,-393.4836918806328,30036.0,41.86552185548618,-10670.0,-4.010102300829077,-192774.0,-14.87233372833654,-743.0,-0.483267748544669,1770.0,2.399349328995526,-387303.0,-14.413693237451197,3085.0,1.9339146570044097,460.0,2.3255813953488413,,,,,,,,,,,,,,,-0.9000000000000057,-0.8620689655172487,-958197.0,-31.39394876630438,-1.0,-1.9960079840319331,-2.44814999,-109.053954060344,-2.0,-3.831417624521072,-4.55762186,-127.61341213104537,0.710000000000008,0.7671528903295588,0.72391432,1674.2327972456071,1.95387192,-246.3198790790154,,,,,0.0,0.0,0.0,0.0,-0.0999999999999943,-0.1022494887525482,-11368950.37800002,-3.387185990949426,-4.799999999999999,-44.85981308411214,-11.00828667,-144.44483982332065,-44104106.359,-19.13660041375791,-17.3,-1730.0,-26.55605399,-357.9246598642376,0.1000000000000085,0.1017293997965573,0.51166394,502.4540082737432,0.40598903,-133.43506333719003,-1.0999999999999943,-1.0837438423645265,-0.9094306200000002,10.625978821368264,-0.2048375899999999,23.30596579555555,0.6000000000000085,0.6276150627615218,0.00194503,-0.6217612572055331,-0.42946739,-40.62761518744351,-238.089399890298,-182.33008045953213,-85.34758562195421,-152.8280081430209,-433.183202179872,-192.28916169440723,-127.6080865160954,-149.84253341546153,-63.45004627326216,-141.0553421246056,-21.55543559279641,-135.4176509615358,-72296.16699999999,-164.45776650781735,-38.36064225554479,-151.429473027347,-19185.25700000004,-97.04072003704958,-13.923062589415736,-97.41079828476556,,,,,-0.10362714121793726,0.006467480657319058,0.008126157639711234,0.0
2025-02-01,76982.77777777778,2.4767046294926764,20515.555555555555,2.4525579846853773,8026.111111111111,3.995105096458396,21166.666666666668,1.4107000266169845,21238.88888888889,2.85176217379608,651.1111111111131,-196.66666666666424,-23.1979030144165,847.7777777777774,177.32323232323324,723.3333333333358,97.777777777781,15.630550621670158,625.5555555555547,23.28282828283045,630228.0,480122.0,519.2061308705049,87.98236547014973,1314208.0,163990.0,76840.0,19.10336789865672,7.181605469209562,2218385.0,197846.0,20640.0,-3.537825481596668,21.67201702274209,,,,,,,,103.5,1756519.0,-16.115529610205282,50.2,2.24032587,50.4,-1.94552529,93.71,0.48252198,1.94734552,,5.9,97.8,-2.2,97.8,214777067.323,-3.1,-33.76739301,183587928.751,1.6,-1.49055136,98.1,0.30674847,-0.30487805,103.6,-3.35820896,3.187251,95.9,-0.72463768,-0.31185031,241.6,343.007753186791,327.7075661569745,-15.299999999999985,-5.9556247567146725,61.107753186791,21.677102939620795,18.600197981204417,6.017390685629875,193353.0,164429.78,4194.179999999993,2.217279638348346,5754.100000000006,3.6263276136582414,,,-373.9898989898975,-210.90857305610743,-49.64611393720388,-187.71067004169092,177.32323232323324,26.44821092278737,-407.8932178932155,-69.69954753362653,74.49494949495056,319.95661605203554,11.764722529426596,304.3260654303656,23.28282828283045,3.8658280922435617,-281.84704184703514,-92.36953488921912,528448.0,519.2061308705049,224714.0,87.98236547014973,210790.0,19.10336789865672,10988.0,7.181605469209562,1300.0,1.7209425469949746,-81361.0,-3.537825481596668,35240.0,21.67201702274209,400.0,1.976284584980248,,,,,,,,,,,,,,,0.0,0.0,-337455.0,-16.115529610205282,1.1000000000000014,2.2403258655804503,2.4435779,-1202.2403417077803,0.1999999999999957,0.3984063745019917,-0.959332,97.27626518326848,0.4499999999999886,0.4825219815569159,-0.2846309099999999,-37.10224046734674,0.7866990300000001,67.78110620056242,,,,,0.0999999999999943,0.1023541453428755,0.0999999999999996,-4.347826086956507,0.0999999999999943,0.1023541453428755,-109499866.76999998,-33.76739300816145,-9.0,-152.54237288135593,-30.38020702,896.915820675085,-2777878.0690000057,-1.4905513604665632,17.900000000000002,-109.8159509202454,17.64604905,-92.2109918790952,-0.3000000000000113,-0.3048780487804992,-0.30674846,-49.999999185,-0.40660745,-399.69512255060977,3.1999999999999886,3.187250996015933,6.10978022,-64.53091679599913,4.27099484,-394.096342914392,-0.2999999999999971,-0.3118503118503035,-0.4137568499999999,133.09178632854267,-0.93946537,-149.6881496119612,92.20787472986704,-85.76848436596481,23.54644755979656,-79.81285960925013,269.013982726727,-129.3919779710367,64.12373121856646,-151.0690809106575,37.067866899902015,-200.7176274552585,11.655081848699734,-206.7350181408884,32530.022999999983,-114.80167715497292,15.245573118818712,-117.01895679332128,5169.0410000000265,883.507646237424,3.256249365942354,879.8813186237849,,,,,-0.34159168510038407,0.056891173660848615,0.004581011123021025,0.0
2025-03-01,79810.0,3.672538590882524,20732.85714285714,1.0592040108937884,8201.904761904761,2.1902718310276903,21190.47619047619,0.1124859392575894,21211.904761904763,-0.127050558648778,457.6190476190495,-193.4920634920636,-29.717211116528453,651.1111111111131,-196.66666666666424,479.047619047622,-244.28571428571377,-33.77221856484511,723.3333333333358,97.777777777781,549840.0,575973.0,-12.755383765875203,19.96388417943773,2287385.0,203722.0,79950.0,74.05045472254011,24.228306604061235,3348911.0,201164.0,20480.0,50.96166806032316,1.6770619572799017,2289.5,3319.4,7780.2,938.4,3371.2,129.8,304.5,103.8,2397859.0,36.51198763007972,50.5,-0.59055118,50.8,-4.1509434,93.89,0.19208195,2.20988461,7.7,6.5,97.5,-2.5,97.7,313088480.419,12.2,45.77370122,211187403.266,-4.3,15.03338193,98.1,0.40941658,0.0,105.2,0.19047619,1.54440154,94.4,-2.88065844,-1.5641293,426.836801735043,708.122523206397,468.84279693223056,185.23680173504303,76.67086164529925,365.114770019606,106.44504872774006,141.13523077525605,43.067431255966525,189722.465,183518.102,-3630.535000000004,-1.877671926476443,19088.32200000001,11.608798600837387,,,3.174603174600634,-1.6142050040342415,-6.519308102111953,28.103006112494235,-196.66666666666424,-23.1979030144165,-373.9898989898975,-210.90857305610743,-342.0634920634948,-349.8376623376536,-49.40276918651527,-316.0654437728085,97.777777777781,15.630550621670158,74.49494949495056,319.95661605203554,-80388.0,-12.755383765875203,95851.0,19.96388417943773,973177.0,74.05045472254011,39732.0,24.228306604061235,3110.0,4.047371160853719,1130526.0,50.96166806032316,3318.0,1.6770619572799017,-160.0,-0.7751937984496138,,,,,,,,,,,,,,,0.2999999999999971,0.2898550724637738,641340.0,36.51198763007972,0.2999999999999971,0.5976095617529875,-2.83087705,-126.36005716436244,0.3999999999999986,0.7936507936507908,-2.20541811,113.358490960557,0.1800000000000068,0.192081954967449,-0.29044003,-60.19208285599756,0.26253909,13.48189560114632,,,0.5999999999999996,10.169491525423725,-0.2999999999999971,-0.3067484662576669,-0.2999999999999998,13.636363636363624,-0.0999999999999943,-0.1022494887525482,98311413.09600002,45.77370122488493,15.3,-493.5483870967742,79.54109423,-235.5559228586122,27599474.51500001,15.033381934622248,-5.9,-368.75,16.52393329,-1108.5785926893525,0.0,0.0,0.1026681099999999,33.46980345166839,0.30487805,-100.0,1.6000000000000083,1.5444015444015635,3.54868515,-105.671957649711,-1.64284946,-51.54440174306949,-1.5,-1.5641293013555768,-2.15602076,297.53086535604945,-1.25227899,401.56413184261385,200.536801735043,-1310.698050555838,82.62648640201392,-1387.3689122011365,304.007016832815,497.49336373658207,84.76794578811926,391.04831500884194,122.53503279405165,658.7834867019901,37.05004057033665,615.7160554460228,-7824.7149999999965,-186.561258696575,-4.09495156482479,-184.68358677009823,13334.222000000009,231.73427642898105,7.982470987179147,220.12547782814423,,,,,0.014859843933240358,-0.09464608531506247,0.006245239979993999,0.0
2025-04-01,76893.33333333333,-3.654512801236276,19953.33333333333,-3.759847493052204,8138.571428571428,-0.7721783557826267,20738.09523809524,-2.134831460674169,20780.95238095238,-2.0316533842182127,784.7619047619046,327.14285714285506,71.48803329864649,457.6190476190495,-193.4920634920636,827.6190476190495,348.57142857142753,72.76341948310072,479.047619047622,-244.28571428571377,112664.0,271032.0,-79.50967554197584,-52.94362756587548,2667642.0,168554.0,77220.0,16.62409257733175,-17.26274040113488,3310320.0,183869.0,19910.0,-1.1523447472924775,-8.597462766697817,2131.2,3147.2,7111.1,817.9,3083.3,122.8,260.4,102.6,2175920.0,-9.255715202603652,49.0,-2.77777778,50.4,-1.5625,93.79,-0.10650762,2.16775599,6.1,6.4,97.3,-2.7,97.6,315122380.177,8.0,0.64962459,219254046.21,-0.3,3.81966103,97.6,-0.61099796,-0.509684,104.6,-0.75901328,-0.57034221,92.8,-5.01535312,-1.69491525,524.835928224473,1197.68156427917,623.3520453984211,97.99912648943,22.959390120784985,489.5590410727731,69.13479306604134,154.5092484661905,32.955448921725505,204747.956,190390.2,15025.491000000007,7.91972157857006,6872.097999999998,3.744643130626968,,,520.6349206349187,-269.0730106644779,101.20524441517496,-340.56104396312435,-193.4920634920636,-29.717211116528453,3.174603174600634,-1.6142050040342415,592.8571428571413,-242.69005847953204,106.53563804794584,-315.4534779626327,-244.28571428571377,-33.77221856484511,-342.0634920634948,-349.8376623376536,-437176.0,-79.50967554197584,-304941.0,-52.94362756587548,380257.0,16.62409257733175,-35168.0,-17.26274040113488,-2730.0,-3.4146341463414664,-38591.0,-1.1523447472924775,-17295.0,-8.597462766697817,-570.0,-2.783203125,-158.30000000000018,-6.9141734003057564,-172.20000000000027,-5.18768452129904,-669.0999999999995,-8.600035988792055,-120.5,-12.841005967604437,-287.89999999999964,-8.53998576174655,-7.000000000000014,-5.392912172573205,-44.10000000000002,-14.482758620689662,-1.2000000000000028,-1.1560693641618491,-221939.0,-9.255715202603652,-1.5,-2.970297029702973,-2.1872266,370.3703716246914,-0.3999999999999986,-0.7874015748031482,2.5884434,-62.35795457967459,-0.0999999999999943,-0.1065076152944821,-0.2985895699999999,-155.4490518239741,-0.0421286200000001,-1.906371934958184,-1.6000000000000003,-20.779220779220783,-0.0999999999999996,-1.538461538461533,-0.2000000000000028,-0.2051282051282132,-0.2000000000000001,8.000000000000007,-0.1000000000000085,-0.1023541453428977,2033899.7579999568,0.6496245902366082,-4.199999999999999,-34.42622950819671,-45.12407663,-98.5807907757388,8066642.944000006,3.8196610305585743,4.0,-93.02325581395348,-11.213720899999998,-74.59213736612624,-0.5,-0.5096839959225274,-1.02041454,-249.23625222994144,-0.509684,-inf,-0.6000000000000085,-0.5703422053232043,-0.94948947,-498.481972996205,-2.11474375,-136.92965820274955,-1.6000000000000083,-1.6949152542372947,-2.1346946800000004,74.10440093689137,-0.1307859499999999,8.361581743913371,-87.23767524561302,-47.09521781227636,-53.711471524514266,-70.0546079330613,124.44427105316709,34.083603642351875,-37.31025566169872,-35.051189423689465,13.374017690934464,9.476030625004794,-10.11198233424102,-23.47941829672071,18656.026000000013,-513.864375360656,9.797393505046504,-521.7840969392274,-12216.224000000017,-63.99841746173397,-7.864155470210421,-67.74306059236093,,,,,0.18561363547216625,0.07108087162529264,0.009281037088978619,0.0
2025-05-01,78526.84210526316,2.124382831536975,20126.315789473683,0.8669351293368655,8182.631578947368,0.5413744999676728,20468.42105263158,-1.300380687654834,20926.315789473683,0.6995031115827999,342.10526315789684,-442.65664160400775,-56.40648952478256,784.7619047619046,327.14285714285506,800.0,-27.619047619049525,-3.3371691599541897,827.6190476190495,348.57142857142753,136512.0,201899.0,21.16736490804516,-25.50732016883616,1689891.0,172994.0,77600.0,-36.652256937025285,2.634170651541945,3011975.0,195664.0,20070.0,-9.012572802629348,6.414893212015072,2238.1,3274.7,7377.6,851.0,2948.0,124.5,264.2,99.7,2300785.0,5.738492223978819,49.5,0.0,50.3,-1.56555773,93.66,-0.13860753,1.90403656,5.8,6.3,96.7,-3.3,97.4,315635924.659,4.6,0.16296668,212921086.862,-3.3,-2.88841162,96.8,-2.71356784,-0.81967213,102.8,-5.34069982,-1.7208413,91.6,-7.93969849,-1.29310345,494.110627612975,734.218426895229,511.6903036177236,-30.725300611498028,-5.854267773824507,-463.4631373839411,-38.69669127476956,-111.66174178069748,-17.91311067397362,185200.905,159700.923,-19547.051000000007,-9.546884560840263,-30689.277,-16.119147414100098,,,-769.7994987468628,-235.3098904466408,-127.89452282342904,-178.90340092185824,327.14285714285506,71.48803329864649,520.6349206349187,-269.0730106644779,-376.19047619047706,-107.92349726776014,-76.1005886430549,-104.58632810780593,348.57142857142753,72.76341948310072,592.8571428571413,-242.69005847953204,23848.0,21.16736490804516,-69133.0,-25.50732016883616,-977751.0,-36.652256937025285,4440.0,2.634170651541945,380.0,0.492100492100489,-298345.0,-9.012572802629348,11795.0,6.414893212015072,160.0,0.8036162732295349,106.90000000000008,5.015953453453448,127.5,4.051220132180977,266.5,3.7476621057220383,33.10000000000002,4.046949504829445,-135.30000000000018,-4.388155547627548,1.7000000000000028,1.3843648208469173,3.8000000000000114,1.4592933947772613,-2.8999999999999915,-2.826510721247555,124865.0,5.738492223978819,0.5,1.0204081632652962,2.77777778,-100.0,-0.1000000000000014,-0.1984126984126977,-0.00305773,0.1956947200000058,-0.1300000000000096,-0.1386075274549592,-0.03209991,30.13860416747647,-0.2637194299999998,-12.165549592138358,-0.2999999999999998,-4.91803278688524,-0.1000000000000005,-1.562500000000011,-0.5999999999999943,-0.6166495375128367,-0.5999999999999996,22.22222222222221,-0.1999999999999886,-0.2049180327868716,513544.4819999933,0.1629666803454332,-3.4000000000000004,-42.50000000000001,-0.4866579099999999,-74.91371439618688,-6332959.34800002,-2.8884116199772936,-3.0,1000.0,-6.70807265,-175.61957978245,-0.7999999999999972,-0.8196721311475419,-2.10256988,344.120605574526,-0.30998813,60.81967061944265,-1.7999999999999972,-1.7208413001912004,-4.58168654,603.6372038180939,-1.15049909,201.7208387925558,-1.2000000000000028,-1.2931034482758674,-2.9243453699999997,58.30786586767791,0.4018117999999999,-23.70689625926724,-128.72442710092804,-131.35262702041737,-28.81365789460949,-125.49835924659288,-953.0221784567142,-194.6695083739751,-107.8314843408109,-155.97281709920554,-266.170990246888,-172.2686459801991,-50.868559595699125,-154.3555353062255,-34572.542000000016,-230.0925939791252,-17.466606139410324,-220.5457094182848,-37561.375,-546.5779882650104,-19.863790544727067,-530.4588408509106,,,,,1.1683772685139373,0.477240189514883,0.011314964648387677,0.0
2025-06-01,78982.0,0.5796207800215836,20534.5,2.0281119246861934,8747.0,6.897150575673772,20220.0,-1.213679609154028,20830.0,-0.460261569416498,-314.5,-656.6052631578968,-191.93076923076865,342.10526315789684,-442.65664160400775,295.5,-504.5,-63.0625,800.0,-27.619047619049525,103404.0,112648.0,-24.2528129395218,-44.20576624946136,1618279.0,212911.0,79870.0,-4.237669766866626,23.07421066626589,3000194.0,272406.0,20580.0,-0.3911387046705239,39.22131817810124,2478.7,4203.2,7962.9,904.7,2838.3,123.4,280.9,98.5,2472191.0,7.449892102043432,49.7,0.4040404,50.5,0.0,93.55,-0.11744608,1.6958365,6.8,6.4,96.4,-3.6,97.2,324686183.005,5.8,2.86730934,210846064.632,1.2,-0.9745499,96.8,-3.1031031,0.0,102.6,-5.52486188,-0.19455253,91.9,-8.7388282,0.32751092,342.74215775988,557.641215630624,368.5934566761253,-151.368469853095,-30.63453028410842,-176.577211264605,-24.049683962753782,-143.0968469415983,-27.96551858221333,183244.238,155616.269,-1956.6669999999867,-1.0565104959935234,-4084.6540000000095,-2.557689663446727,,,-213.9486215538891,48.33286151058893,-135.5242797059861,240.26363074135756,-442.65664160400775,-56.40648952478256,-769.7994987468628,-235.3098904466408,-476.8809523809505,1726.6379310343566,-59.72533084004581,1789.7004310343582,-27.619047619049525,-3.3371691599541897,-376.19047619047706,-107.92349726776014,-33108.0,-24.2528129395218,-89251.0,-44.20576624946136,-71612.0,-4.237669766866626,39917.0,23.07421066626589,2270.0,2.9252577319587525,-11781.0,-0.3911387046705239,76742.0,39.22131817810124,510.0,2.5411061285500747,240.5999999999999,10.75018989321299,928.5,28.353742327541465,585.2999999999993,7.933474300585552,53.700000000000045,6.310223266745019,-109.69999999999982,-3.721166892808681,-1.0999999999999943,-0.8835341365461824,16.69999999999999,6.320968962906881,-1.2000000000000028,-1.2036108324974926,171406.0,7.449892102043432,0.2000000000000028,0.4040404040404066,0.4040404,inf,0.2000000000000028,0.3976143141153132,1.56555773,-100.0,-0.1099999999999994,-0.1174460815716371,0.02116145,-15.267171992748164,-0.20820006,-10.934667136853715,1.0,17.24137931034482,0.1000000000000005,1.587301587301604,-0.2999999999999971,-0.3102378490175805,-0.3000000000000002,9.090909090909104,-0.2000000000000028,-0.2053388090349051,9050258.346000016,2.867309339321089,1.2000000000000002,26.086956521739136,2.70434266,1659.445145473909,-2075022.2299999893,-0.974549895729615,4.5,-136.36363636363637,1.91386172,-66.26000625215597,0.0,0.0,-0.3895352599999997,14.355095688339215,0.81967213,-100.0,-0.2000000000000028,-0.1945525291828787,-0.1841620599999993,3.448275810416157,1.52628877,-88.69433631096604,0.3000000000000113,0.3275109170305823,-0.7991297100000008,10.06498812274168,1.62061437,-125.32751111289664,-120.64316924159698,392.6508995536073,-24.78026251028391,423.2854298377153,286.8859261193361,-61.900484197878,14.64700731201577,-37.85080023512423,-31.435105160900832,28.15208204672201,-10.052407908239717,56.117600628935406,17590.38400000002,-89.98996319189024,8.49037406484674,-88.93345269589669,26604.622999999992,-86.69028924989009,13.561457750653371,-84.13259958644333,,,,,0.17998624670834418,0.04058908734689326,0.010503940478298049,0.0
2025-07-01,79448.69565217392,0.5908886229443633,20706.08695652174,0.8356032848218398,9079.565217391304,3.8020489012381855,20173.91304347826,-0.227927579237086,20908.695652173912,0.3777995783673216,-532.1739130434798,-217.67391304347984,69.2126909518219,-314.5,-656.6052631578968,202.60869565217217,-92.89130434782784,-31.435297579637165,295.5,-504.5,78488.0,194854.0,-24.095779660361305,72.97599602300973,1924919.0,176193.0,78040.0,18.948524945327726,-17.245703603853258,3119915.0,248613.0,20510.0,3.9904419514204648,-8.734389110372021,2088.4,2941.5,9267.2,873.1,2059.7,117.6,251.0,99.2,2231636.0,-9.730437494513977,49.3,-0.20242915,50.1,-0.19920319,93.3,-0.26723677,1.29193356,5.7,6.3,96.4,-3.6,97.1,321227717.435,7.1,-1.06517177,223827126.626,4.2,6.15665368,97.1,-2.70541082,0.30991736,102.7,-4.7309833,0.09746589,92.9,-7.28542914,1.08813928,345.484294091692,390.690129718238,406.8875697805016,2.742136331811992,0.8000580814844227,-166.95108591238596,-29.93879957807364,38.29411310437632,10.38925472245278,190077.53,160494.606,6833.291999999987,3.7290624112284334,4878.337,3.1348502514219723,,,438.931350114417,-66.84858845075465,261.14346018259056,-136.06127940257656,-656.6052631578968,-191.93076923076865,-213.9486215538891,48.33286151058893,411.6086956521722,-81.58745206187754,31.627202420362835,-50.15215448224038,-504.5,-63.0625,-476.8809523809505,1726.6379310343566,-24916.0,-24.095779660361305,82206.0,72.97599602300973,306640.0,18.948524945327726,-36718.0,-17.245703603853258,-1830.0,-2.291223237761364,119721.0,3.9904419514204648,-23793.0,-8.734389110372021,-70.0,-0.3401360544217691,-390.2999999999997,-15.746157259853945,-1261.6999999999998,-30.017605633802813,1304.300000000001,16.379710909342094,-31.600000000000023,-3.492870564828121,-778.6000000000004,-27.431913469330247,-5.800000000000011,-4.700162074554304,-29.899999999999977,-10.644357422570303,0.7000000000000028,0.7106598984771617,-240555.0,-9.730437494513977,-0.4000000000000057,-0.8048289738430747,-0.60646955,-150.10121512601216,-0.3999999999999986,-0.7920792079207928,-0.19920319,-inf,-0.25,-0.2672367717797996,-0.14979069,127.53996557398936,-0.40390294,-23.81732790867516,-1.0999999999999996,-16.176470588235293,-0.1000000000000005,-1.562500000000011,0.0,0.0,0.0,0.0,-0.1000000000000085,-0.1028806584362218,-3458465.569999993,-1.0651717723223042,1.2999999999999998,22.413793103448263,-3.93248111,-137.1488264325188,12981061.993999988,6.156653678434298,3.0,250.00000000000009,7.131203579999999,-731.7432981112614,0.2999999999999971,0.3099173553718914,0.3976922799999998,-12.815954455396597,0.30991736,inf,0.1000000000000085,0.0974658869395739,0.7938785799999994,-14.369202293976612,0.29201842,-150.09746724959064,1.0,1.088139281828071,1.4533990600000006,-16.631509702868406,0.7606283600000001,232.245190480977,154.110606184907,-101.81156375199754,31.43458836559284,-102.61162183348198,9.626125352219049,-5.451510579014684,-5.889115615319852,24.487288999058944,181.39096004597465,-126.76097616602635,38.35477330466611,-137.15023088847911,8789.958999999973,-449.23121818889126,4.785572907221958,-452.9602806001176,8962.991000000009,-219.43085020175488,5.6925399148687,-222.5657004531764,,,,,1.7063208885526282,0.17115448075083717,0.02402071174961325,0.0
2025-08-01,79107.61904761905,-0.4293042217434206,20658.571428571428,-0.2294761344820206,9193.333333333334,1.2530128174432331,20323.809523809523,0.7430213464696189,21042.85714285714,0.6416540415292715,-334.7619047619046,197.41200828157525,-37.09539371304099,-532.1739130434798,-217.67391304347984,384.28571428571377,181.6770186335416,89.66891477621229,202.60869565217217,-92.89130434782784,85648.0,232594.0,9.122413617368252,19.3683475833188,1170314.0,173666.0,79410.0,-39.20190927514352,-1.434222698972154,2465960.0,236608.0,20740.0,-20.96066719766404,-4.82879012762808,2044.0,3002.0,9362.7,945.3,1681.9,133.3,275.2,100.0,2466374.0,10.518650891095138,49.4,0.61099796,50.3,0.0,93.03,-0.28938907,0.85646141,5.2,6.2,97.1,-2.9,97.1,321298124.132,4.3,0.021918,220210536.955,1.4,-1.61579596,97.3,-1.81634712,0.20597322,106.1,0.47348485,3.31061344,94.0,-2.89256198,1.18406889,301.270330304645,507.53587065710894,343.339059719265,-44.21396378704702,-12.79767692574545,116.84574093887096,29.907523136849925,-63.54851006123664,-15.618198927904912,179359.74,172610.37,-10717.790000000008,-5.638641242865483,12115.763999999996,7.549016320212032,,,415.0859213250551,-190.69162469741727,-106.30808466486288,-153.59623098437632,-217.67391304347984,69.2126909518219,438.931350114417,-66.84858845075465,274.5683229813694,-295.58022132325664,121.10421235584946,-385.24913609946896,-92.89130434782784,-31.435297579637165,411.6086956521722,-81.58745206187754,7160.0,9.122413617368252,37740.0,19.3683475833188,-754605.0,-39.20190927514352,-2527.0,-1.434222698972154,1370.0,1.7555099948744155,-653955.0,-20.96066719766404,-12005.0,-4.82879012762808,230.0,1.1214041930765584,-44.40000000000009,-2.126029496265092,60.5,2.0567737548869536,95.5,1.0305162292817638,72.19999999999993,8.269384950177528,-377.7999999999997,-18.34247705976597,15.700000000000015,13.350340136054427,24.19999999999999,9.641434262948213,0.7999999999999972,0.8064516129032251,234738.0,10.518650891095138,0.1000000000000014,0.202839756592299,0.8134271099999999,-401.83299193816697,0.1999999999999957,0.3992015968063755,0.19920319,-100.0,-0.269999999999996,-0.2893890675241151,-0.0221523,8.289390715207357,-0.4354721499999999,-33.70700812199661,-0.5,-8.771929824561408,-0.0999999999999996,-1.5873015873015817,0.6999999999999886,0.7261410788381717,0.7000000000000002,-19.444444444444454,0.0,0.0,70406.6970000267,0.0219180018343978,-2.8,-39.43661971830986,1.0870897700000002,-102.05769629061798,-3616589.670999974,-1.6157959607116967,-2.8000000000000003,-66.66666666666667,-7.77244964,-126.24471090925483,0.2000000000000028,0.2059732234809486,0.8890636999999999,-32.862428634775696,-0.1039441399999999,-33.53930867247965,3.3999999999999915,3.310613437195697,5.20446815,-110.00816997176888,3.21314755,3296.6892827839565,1.0999999999999943,1.1840688912809316,4.39286716,-60.296615004891805,0.09592961,8.815931173810764,-46.95610011885901,-1712.3911591890335,-13.597735007229872,-1699.5934822632776,283.7968268512569,-169.98800894304475,59.84632271492356,-199.89553207989468,-101.84262316561296,-265.9485098610997,-26.007453650357693,-250.33031093319505,-17551.081999999995,-256.8466560480663,-9.367703654093916,-251.2080148052012,7237.426999999996,148.3584877387519,4.41416606879006,140.80947141854026,,,,,-0.0633048110362584,0.06467152198911852,0.03140264550970457,0.0
2025-09-01,80775.0,2.1077375004514565,20767.272727272728,0.5261801333995564,10048.40909090909,9.301041597995896,20777.272727272728,2.231191957058876,21145.454545454544,0.4875640313522167,10.0,344.7619047619046,-102.98719772403985,-334.7619047619046,197.41200828157525,378.1818181818162,-6.1038961038975685,-1.588374450828367,384.28571428571377,181.6770186335416,107292.0,231807.0,25.270876144218192,-0.3383578252233454,2069068.0,213859.0,83110.0,76.79597099581821,23.143850840118382,2770480.0,190531.0,20680.0,12.348943210757678,-19.47398228293212,2224.3,3608.7,8261.8,1012.8,1809.5,158.0,322.7,100.9,2777829.0,12.628052355401076,49.8,0.0,50.0,0.0,92.76,-0.29022896,0.48748781,6.5,6.2,97.7,-2.3,97.2,328172697.778,8.2,2.13962458,239389688.755,7.4,8.70946144,97.7,-0.6103764,0.41109969,109.8,6.18955513,3.48727615,96.1,3.44456405,2.23404255,221.757773058414,400.576249393242,308.47823098184006,-79.51255724623098,-26.39242874193014,-106.95962126386696,-21.074297886647077,-34.860828737424924,-10.153470090449158,184079.92,155414.4,4720.180000000022,2.6316831190768,-17195.97,-9.962304118808165,,,147.3498964803293,74.64079706344882,-65.89180401099884,177.62799478748863,197.41200828157525,-37.09539371304099,415.0859213250551,-190.69162469741727,-187.7809147374392,-103.35975135975217,-91.25728922704066,-101.77137690892376,181.6770186335416,89.66891477621229,274.5683229813694,-295.58022132325664,21644.0,25.270876144218192,-787.0,-0.3383578252233454,898754.0,76.79597099581821,40193.0,23.143850840118382,3700.0,4.6593628006548204,304520.0,12.348943210757678,-46077.0,-19.473982282932116,-60.0,-0.2892960462873684,180.30000000000015,8.820939334637966,606.6999999999998,20.209860093271143,-1100.9000000000017,-11.758360302049642,67.5,7.140590288797211,127.59999999999992,7.586657946370168,24.69999999999999,18.52963240810201,47.5,17.260174418604656,0.9000000000000057,0.9000000000000119,311455.0,12.628052355401076,0.3999999999999986,0.809716599190291,-0.61099796,-100.0,-0.2999999999999971,-0.5964214711729587,0.0,,-0.269999999999996,-0.2902289584005069,-0.0008398899999999,0.2902286530724662,-0.3689735999999999,-43.0811704639442,1.2999999999999998,25.0,0.0,0.0,0.6000000000000085,0.6179196704428458,0.6000000000000001,-20.6896551724138,0.1000000000000085,0.1029866117404854,6874573.645999968,2.139624582176425,3.9,90.69767441860463,2.11770658,9661.95172917237,19179151.799999986,8.709461438677323,6.0,428.5714285714287,10.3252574,-639.0198797130302,0.4000000000000057,0.4110996916752318,1.20597072,-66.39538812382955,0.20512647,99.58890286805246,3.700000000000003,3.4872761545711617,5.716070279999999,1207.234039272851,0.17666271,5.336253029891647,2.0999999999999943,2.2340425531914843,6.33712603,-219.08350015718588,1.0499736599999998,88.67504829047573,-35.29859345918396,79.83584921088908,-13.59475181618469,106.22827795281924,-223.8053622027379,-191.5391698528609,-50.981821023497,-170.4648719662138,28.68768132381172,-45.14296447889602,5.464728837455755,-34.98949438844685,15437.97000000003,-144.04060911811126,8.270324361942283,-146.6722922371882,-29311.734,-241.9305460225208,-17.511320439020196,-231.9682419037127,,,,,-0.3268617916726344,-0.09139283699185896,0.01589490542535791,0.0
2025-10-01,86420.58823529411,6.9892766763158365,21027.058823529413,1.2509398786655357,11530.29411764706,14.7474591582726,20988.235294117647,1.0153525422420095,21382.352941176472,1.1203277527692237,-38.823529411765776,-48.823529411765776,-488.23529411765776,10.0,344.7619047619046,355.29411764705947,-22.88770053475673,-6.052036199094357,378.1818181818162,-6.1038961038975685,158840.0,252695.0,48.04458859933638,9.010944449477364,3016093.0,258319.0,87010.0,45.770607829225526,20.78939862245685,2561461.0,266936.0,21300.0,-7.544504923334583,40.101085912528674,1941.0,2853.9,8002.1,878.8,1420.4,171.0,327.9,101.2,2909301.0,4.732904725236864,49.0,-2.19560878,50.1,-0.19920319,92.42,-0.3665373,0.04329942,4.9,6.1,97.9,-2.1,97.3,304923525.117,-1.2,-7.08443232,216788682.607,0.9,-9.44109425,97.3,-1.71717172,-0.40941658,109.7,4.67557252,-0.09107468,95.0,1.38740662,-1.144641,522.430955690378,685.656946660522,404.87305248366016,300.67318263196404,135.586310452695,285.08069726728,71.16764853110871,96.3948215018201,31.248500484137832,196607.27,158360.01,12527.349999999977,6.80538648647826,2945.610000000015,1.8953263018098852,,,-393.5854341736704,-114.16152096197628,-385.2480963936179,374.0737731556815,344.7619047619046,-102.98719772403985,147.3498964803293,74.64079706344882,-16.783804430859163,274.96871088847774,-4.46366174826599,281.02074708757164,-6.1038961038975685,-1.588374450828367,-187.7809147374392,-103.35975135975217,51548.0,48.04458859933638,20888.0,9.010944449477364,947025.0,45.770607829225526,44460.0,20.789398622456854,3900.0,4.692576103958612,-209019.0,-7.544504923334583,76405.0,40.101085912528674,620.0,2.9980657640232167,-283.3000000000002,-12.736591287146526,-754.7999999999997,-20.91611937816942,-259.6999999999989,-3.1433827979374773,-134.0,-13.230647709320698,-389.0999999999999,-21.50317767339044,13.0,8.227848101265822,5.199999999999989,1.6114037806011838,0.2999999999999971,0.2973240832507384,131472.0,4.732904725236864,-0.7999999999999972,-1.6064257028112428,-2.19560878,-inf,0.1000000000000014,0.2000000000000001,-0.19920319,-inf,-0.3400000000000034,-0.3665373005605876,-0.07630834,26.292462337321545,-0.44418839,-91.117845592898,-1.5999999999999996,-24.61538461538461,-0.1000000000000005,-1.6129032258064613,0.2000000000000028,0.2047082906857733,0.1999999999999997,-8.695652173913038,0.0999999999999943,0.1028806584361996,-23249172.661000013,-7.084432318232469,-9.4,-114.63414634146343,-9.2240569,-431.1063252040225,-22601006.148,-9.441094253282843,-6.5,-87.83783783783784,-18.15055569,-208.4004368701815,-0.4000000000000057,-0.4094165813715467,-1.10679532,181.32996623067345,-0.8205162699999999,-199.5905834908316,-0.0999999999999943,-0.091074681238612,-1.5139826099999991,-24.46028152591961,-3.57835083,-102.6116279893693,-1.0999999999999943,-1.144640998959412,-2.05715743,-59.72185159396296,-3.37868355,-151.23631150176618,380.185739878195,-478.1455320332015,161.97873919462512,-613.7318424858963,392.0403185311469,-366.5311394138096,92.24194641775578,-437.6987879449184,131.25565023924503,-376.5132815053682,41.40197057458699,-407.76178198950606,7807.169999999955,165.3998364469134,4.17370336740146,158.59444996043464,20141.580000000016,-117.1296530524304,11.857630420618047,-119.0249793542403,,,,,-0.26327918322946986,0.30567502872037955,0.010917735391077208,0.0
2025-11-01,86613.5,0.2232243133784894,21519.5,2.341940356963024,11920.75,3.38634798357269,21345.0,1.6998318385650135,21865.0,2.2572214580467653,-174.5,-135.67647058823422,349.4696969696845,-38.823529411765776,-48.823529411765776,345.5,-9.794117647059466,-2.7566225165564617,355.29411764705947,-22.88770053475673,,,0.0,0.0,2031291.0,218257.0,87430.0,-32.6515793776916,-15.5087314521967,4233490.0,260670.0,21610.0,65.27637937879985,-2.347379147061468,2271.4,3260.1,7792.2,944.2,1502.6,184.1,351.9,103.0,2978863.0,2.391021073446842,49.2,-2.18687873,49.5,-1.0,91.89,-0.57346895,-0.67019782,4.8,6.0,97.8,-2.2,97.3,330000477.775,5.9,8.22401376,219960189.569,1.9,1.46294858,98.1,-0.50709939,0.82219938,110.8,8.203125,1.00273473,94.9,0.31712474,-0.10526316,454.235919403133,756.666737540229,371.0953517257944,-68.19503628724505,-13.053406492179851,71.009790879707,10.356460504857235,-33.77770075786577,-8.342788079043363,208143.09,162756.17,11535.820000000009,5.867443253751503,4396.160000000004,2.776054383931914,,,-86.85294117646845,177.89156626505198,837.7049910873423,-171.57813070463263,-48.823529411765776,-488.23529411765776,-393.5854341736704,-114.16152096197628,13.093582887697266,-57.207943925225926,3.2954136825378955,-54.45132140866953,-22.88770053475673,-6.052036199094357,-16.783804430859163,274.96871088847774,,,,,-984802.0,-32.6515793776916,-40062.0,-15.5087314521967,420.0,0.4827031375703949,1672029.0,65.27637937879985,-6266.0,-2.347379147061468,310.0,1.455399061032869,330.4000000000001,17.02215352910872,406.1999999999998,14.233154630505606,-209.90000000000052,-2.623061446370334,65.40000000000009,7.441966317705972,82.19999999999982,5.787102224725427,13.099999999999994,7.660818713450279,24.0,7.319304666056725,1.7999999999999972,1.7786561264822032,69562.0,2.391021073446842,0.2000000000000028,0.4081632653061273,0.00873005,-0.3976140958955376,-0.6000000000000014,-1.19760479041916,-0.80079681,401.9999930724001,-0.5300000000000011,-0.5734689461155629,-0.2069316499999999,56.45582318634419,-0.71349724,-1647.8217029235034,-0.1000000000000005,-2.0408163265306256,-0.0999999999999996,-1.639344262295073,-0.1000000000000085,-0.1021450459652739,-0.1,4.761904761904767,0.0,0.0,25076952.657999992,8.22401375832773,7.1000000000000005,-591.6666666666667,15.30844608,-216.08571284932535,3171506.9620000124,1.462948583782575,1.0,111.11111111111111,10.904042830000002,-115.49554046661488,0.7999999999999972,0.8221993833504637,1.21007233,-70.46891792511,1.23161596,-300.8221992377544,1.0999999999999943,1.0027347310847643,3.52755248,75.44642853705538,1.09380941,-1201.0027485136372,-0.0999999999999943,-0.1052631578947305,-1.07028188,-77.1426245609236,1.03937784,-90.8038275756329,-368.8682189192091,-122.68078439530088,-148.63971694487483,-109.62737790312104,-214.07090638757296,-75.09133674766792,-60.81118802625147,-85.44779725252516,-130.17252225968588,-135.04099103210433,-39.5912885631812,-126.698202953061,-991.5299999999696,-7.914922150334835,-0.9379432327267568,-13.782365404086494,1450.5499999999884,49.24446888759819,0.8807280821220287,46.46841450366639,,,,,1.4567776187540984,0.21252598823225677,0.029497980085645338,0.0
2025-12-01,93449.56521739133,7.892609370815529,21933.043478260868,1.9217150875292963,15458.695652173914,29.67888473606035,21665.217391304348,1.500198600629421,22582.60869565217,3.281997236003531,-267.82608695652016,-93.32608695652016,53.481998255885486,-174.5,-135.67647058823422,649.565217391304,304.06521739130403,88.00729881079712,345.5,-9.794117647059466,,,0.0,0.0,4984741.0,208246.0,98240.0,145.39768058835486,-4.586794467073219,5975058.0,256373.0,22925.0,41.13787914935432,-1.6484443932942017,2469.7,4247.6,8586.2,1001.1,2162.9,179.1,341.2,105.2,2765577.0,-7.159980166929458,50.1,0.0,50.2,-3.83141762,91.45,-0.47883339,-1.18854673,5.2,5.9,98.1,-1.9,97.4,357319475.72,6.6,8.27847224,244882442.483,5.7,11.33034708,98.8,0.508647,0.71355759,112.4,10.73891626,1.44404332,94.7,-0.94142259,-0.21074816,420.053392197524,515.549604590217,,-34.182527205609006,-7.52528053055006,-241.117132950012,-31.865697405152915,,,238976.87,194102.07,30833.78,14.813741835003992,31345.899999999998,19.259423467632587,,,42.35038363171407,-31.21424330106849,-295.9876987137991,-84.69624155695396,-135.67647058823422,349.4696969696845,-86.85294117646845,177.89156626505198,313.8593350383635,-3204.5697871782763,90.7639213273536,-3292.5770859890795,-9.794117647059466,-2.7566225165564617,13.093582887697266,-57.207943925225926,,,,,2953450.0,145.39768058835486,-10011.0,-4.586794467073219,10810.0,12.364177055930448,1741568.0,41.13787914935432,-4297.0,-1.6484443932942017,1315.0,6.085145765849154,198.29999999999973,8.730298494320676,987.5000000000005,30.290481887058696,794.0000000000009,10.189676856343532,56.89999999999998,6.026265621690308,660.3000000000002,43.94383069346468,-5.0,-2.71591526344378,-10.699999999999989,-3.040636544472864,2.200000000000003,2.1359223300970958,-213286.0,-7.159980166929458,0.8999999999999986,1.8292682926829285,2.18687873,-100.0,0.7000000000000028,1.4141414141414232,-2.83141762,283.141762,-0.4399999999999977,-0.4788333877462136,0.0946355599999999,-16.50229886029574,-0.51834891,77.34267324235702,0.4000000000000003,8.333333333333348,-0.0999999999999996,-1.6666666666666607,0.2999999999999971,0.3067484662576669,0.3000000000000002,-13.636363636363647,0.1000000000000085,0.1027749229188135,27318997.94500005,8.278472240160406,0.6999999999999993,11.864406779661008,0.0544584799999992,0.6621885807739591,24922252.914000005,11.330347079093638,3.8,200.00000000000009,9.8673985,674.487034944181,0.7000000000000028,0.7135575942915473,1.01574639,-200.30518869289116,-0.10864179,-13.21355776259525,1.6000000000000083,1.4440433212996373,2.53579126,30.912502979047616,0.44130859,44.01050215942954,-0.2000000000000028,-0.2107481559536439,-1.25854733,-396.8619193822595,-0.105485,100.21074799578504,34.01250908163604,-49.87534420888287,5.528125961629793,-42.35006367833278,-312.126923829719,-439.5547711983445,-42.22215791001016,-407.68907379319154,,,,,19297.959999999992,167.28728430228608,8.946298581252488,152.4735424672823,26949.73999999999,613.0290981219968,16.483369083700673,593.7696746543618,,,,,-0.1844632583744984,-0.1458088183105274,0.027870348685112605,0.0
2026-01-01,102166.0,9.327421441000494,24085.5,9.813761249653098,23492.0,51.96624947264801,23645.0,9.138069436082684,25265.0,11.878128609934556,-440.5,-172.67391304347984,64.47240259740357,-267.82608695652016,-93.32608695652016,1179.5,529.934782608696,81.582998661312,649.565217391304,304.06521739130403,,,0.0,0.0,5865455.0,222932.0,103680.0,17.668199812186835,7.052236297455883,12289334.0,284899.0,24560.0,105.67723359338102,11.126756717751096,,,,,,,,111.1,1963813.0,-28.990839886215426,49.3,0.40733198,49.4,-1.5936255,,,,,,98.6,-1.4,98.6,356579691.537,10.0,-0.20703718,235391944.134,26.3,-3.87553238,99.3,0.91463415,0.50607287,116.5,16.03585657,3.64768683,93.7,-2.5987526,-1.05596621,375.822355663948,372.00163500071,,-44.231036533576,-10.52986057371893,-143.54796958950698,-27.84367756495626,,,232331.64,192725.53,-6645.229999999981,-2.780700073609621,-1376.540000000008,-0.709183575425032,,,-79.34782608695969,85.02212904729112,10.990404341518088,20.54972644988753,-93.32608695652016,53.481998255885486,42.35038363171407,-31.21424330106849,225.86956521739197,74.28326302995667,-6.42430014948512,-7.299735631355341,304.06521739130403,88.00729881079712,313.8593350383635,-3204.5697871782763,,,,,880714.0,17.668199812186835,14686.0,7.052236297455883,5440.0,5.537459283387625,6314276.0,105.67723359338102,28526.0,11.126756717751096,1635.0,7.131952017448207,,,,,,,,,,,,,,,5.899999999999992,5.608365019011408,-801764.0,-28.990839886215426,-0.8000000000000043,-1.5968063872255578,0.40733198,inf,-0.8000000000000043,-1.5936254980079778,2.23779212,-58.406374400919525,,,,,,,,,,,0.5,0.5096839959225274,0.5,-26.315789473684216,1.1999999999999886,1.2320328542094303,-739784.1830000281,-0.2070371847236574,3.4000000000000004,51.51515151515152,-8.48550942,-102.50091048200458,-9490498.349000009,-3.8755323790348295,20.6,361.4035087719298,-15.205879459999998,-134.20488668737235,0.5,0.5060728744939347,0.4059871500000001,79.81707353036586,-0.2074847199999999,-29.07750164916612,4.099999999999994,3.647686832740216,5.29694031,49.32471938281042,2.20364351,152.6023132048421,-1.0,-1.055966209081305,-1.65733001,176.04527739237705,-0.84521805,401.0559570247256,-10.048509327966997,29.39662497019277,-3.004580043168869,39.92648554391168,97.569163360505,-40.46546264330909,4.022019840196656,-12.621785078352833,,,,,-37479.00999999998,-121.5517850876538,-17.59444190861361,-118.77108501404416,-32722.44,-104.3914515135951,-19.96860704305762,-103.68226793817004,,,,,-0.3708344682978295,-0.20952742269123292,0.04677343357645227,0.0
2026-02-01,101810.0,-0.3484525184503706,23386.42857142857,-2.9024576137984592,23695.714285714286,0.8671645058500266,23492.85714285714,-0.6434462133341423,24971.42857142857,-1.1619688445336562,106.42857142856884,546.9285714285688,-124.16085616993615,-440.5,-172.67391304347984,1585.0,405.5,34.37897414158542,1179.5,529.934782608696,,,0.0,0.0,2600699.0,203798.0,103920.0,-55.6607458415417,-8.582886261281464,4781703.0,258690.0,23835.0,-61.090625415502586,-9.199400489296206,,,,,,,,113.8,1508570.0,-23.18158602677546,49.0,-2.39043825,49.5,-1.78571429,,,,,6.3,99.1,-0.9,98.8,299805993.529,39.6,-15.92174186,209565158.501,14.2,-10.97182222,100.0,1.93679918,0.70493454,116.0,11.96911197,-0.42918455,95.7,-0.20855057,2.13447172,337.587588657991,323.893608668365,,-38.234767005957,-10.173627627448989,-48.10802633234499,-12.932208303937475,,,167937.84,136323.65,-64393.80000000002,-27.716328262478594,-56401.880000000005,-29.26539104601244,,,719.6024844720487,-416.7407061024038,-188.63325876733973,-292.5798499324676,-172.67391304347984,64.47240259740357,-79.34782608695969,85.02212904729112,-124.43478260869595,-23.48115026459372,-47.20402451972659,-57.86012440617914,529.934782608696,81.582998661312,225.86956521739197,74.28326302995667,,,,,-3264756.0,-55.6607458415417,-19134.0,-8.582886261281464,240.0,0.231481481481488,-7507631.0,-61.090625415502586,-26209.0,-9.199400489296206,-725.0,-2.951954397394141,,,,,,,,,,,,,,,2.700000000000003,2.4302430243024364,-455243.0,-23.18158602677546,-0.2999999999999971,-0.6085192697768749,-2.79777023,-686.8525839783068,0.1000000000000014,0.2024291497975783,-0.1920887900000001,12.053571557433052,,,,,,,,,,,0.5,0.5070993914807254,0.4999999999999999,-35.71428571428571,0.2000000000000028,0.202839756592299,-56773698.008000016,-15.921741858960846,29.6,296.0,-15.71470468,7590.281455726938,-25826785.633000016,-10.971822221026295,-12.1,-46.00760456273765,-7.09628984,183.1049038996805,0.7000000000000028,0.7049345417925457,1.02216503,111.7567094996398,0.19886167,39.295066340940174,-0.5,-0.4291845493562207,-4.0667446,-25.36032036859257,-4.07687138,-111.765937428351,2.0,2.134471718249742,2.39020203,-91.97497407025202,3.19043793,-302.13447170814305,5.996269527619006,-13.556701351701784,0.3562329462699409,-3.3830737242528053,95.439943257162,-66.48644598045115,14.911469261018784,-53.55423767651365,,,,,-57748.57000000004,869.0228931128072,-24.93562818886897,896.7392213752879,-55025.34,3997.365859328437,-28.5562074705874,4026.63125037448,,,,,-0.48867616989709206,-0.015596105676202399,0.04798403929933515,0.0
2026-03-01,98671.36363636365,-3.0828370136886,24388.636363636364,4.285424724629383,20503.636363636364,-13.47111922261136,24604.545454545456,4.7320268664142295,25913.636363636364,3.7731433326398944,215.9090909090919,109.48051948052309,102.86760219646712,106.42857142856884,546.9285714285688,1525.0,-60.0,-3.785488958990535,1585.0,405.5,,,0.0,0.0,3076020.0,185747.0,95340.0,18.27666331244022,-8.857299875366786,8745464.0,258839.0,24875.0,82.89433701758557,0.057597897096917,2069.7,3404.2,8024.8,1093.9,3455.3,133.6,306.7,115.3,2367191.0,56.916218670661614,50.4,-0.1980198,50.1,-1.37795276,,,,5.7,6.1,100.5,0.5,99.4,321038459.922,2.5,7.08206869,270880601.875,28.3,29.25841481,101.5,3.46585117,1.5,116.3,10.5513308,0.25862069,102.8,8.89830508,7.41901776,570.774152397999,515.576753358667,,233.18656374000807,69.07438886215948,191.683144690302,59.18089754175006,,,227558.2,197330.69,59620.360000000015,35.50144505848116,61007.04000000001,44.75161866631359,,,-437.44805194804576,-79.98266589098432,227.0284583664033,-182.85026808745147,546.9285714285688,-124.16085616993615,719.6024844720487,-416.7407061024038,-465.5,-114.79654747225648,-38.16446310057595,-111.01105851326594,405.5,34.37897414158542,-124.43478260869595,-23.48115026459372,,,,,475321.0,18.27666331244022,-18051.0,-8.857299875366786,-8580.0,-8.256351039260966,3963761.0,82.89433701758557,149.0,0.057597897096917,1040.0,4.363331235577928,,,,,,,,,,,,,,,1.5,1.318101933216176,858621.0,56.916218670661614,1.3999999999999986,2.857142857142847,2.19241845,-91.7161717103548,0.6000000000000014,1.21212121212122,0.4077615299999999,-22.83464562519685,,,,,,,,,-0.2000000000000001,-3.1746031746031744,1.4000000000000057,1.4127144298688332,1.4,-155.55555555555557,0.6000000000000085,0.6072874493927127,21232466.393000007,7.082068688178578,-37.1,-93.68686868686868,23.00381055,-144.48048933510344,61315443.37400001,29.258414811213672,14.1,99.29577464788734,40.23023703,-366.66869206708674,1.5,1.4999999999999902,1.52905199,78.9473687199723,0.79506546,112.78571482679796,0.2999999999999971,0.2586206896551646,-1.4177811699999996,-11.845333000088887,0.68780524,-160.25862067961208,7.099999999999994,7.419017763845348,9.10685565,-4366.737357754525,5.28454604,247.5809817709836,271.42133074596507,-709.8809591377332,79.24801648960847,-778.9553479998925,239.791171022647,-498.4431690589344,72.11310584568754,-557.6240666006844,,,,,124014.16000000005,-192.5871124238669,63.21777332095975,-228.088557482348,117408.92,-208.16490514145983,74.01700971232603,-252.9165238077734,,,,,0.11500894859072042,-0.10479328392286347,0.037485424508601,0.0
2026-04-01,100523.80952380953,1.8773895679325523,24664.761904761905,1.1321893401848635,18848.09523809524,-8.074378106301495,24433.33333333333,-0.6958556561364682,25419.04761904762,-1.9086041713650916,-231.42857142857247,-447.3376623376644,-207.187969924812,215.9090909090919,109.48051948052309,754.2857142857138,-770.7142857142862,-50.53864168618271,1525.0,-60.0,,,0.0,0.0,2042613.0,190887.0,101030.0,-33.59558780502078,2.767204853914196,5090167.0,294026.0,24430.0,-41.79649015764058,13.594164712427425,1740.3,2636.4,7439.8,1010.5,2819.1,129.6,256.4,116.6,2101720.0,-11.214599920327506,50.3,2.65306122,49.4,-1.98412698,,,,4.1,5.6,102.8,2.8,100.2,359188481.227,14.0,11.88331807,274502709.701,25.2,1.33716028,102.7,5.22540984,1.18226601,116.1,10.99426386,-0.17196905,108.5,16.91810345,5.54474708,330.639710838559,223.058584555143,,-240.1344415594401,-42.07170919540783,-292.518168803524,-56.736105128469646,,,211724.06,170582.15,-15834.140000000014,-6.958281441846537,-26748.540000000008,-13.555184953744403,,,-556.8181818181874,-508.60023724791256,-310.0555721212791,-301.41226732310054,109.48051948052309,102.86760219646712,-437.44805194804576,-79.98266589098432,-710.7142857142862,1184.5238095238103,-46.75315272719217,1235.0624512099937,-60.0,-3.785488958990535,-465.5,-114.79654747225648,,,,,-1033407.0,-33.59558780502078,5140.0,2.767204853914196,5690.0,5.968114117893864,-3655297.0,-41.79649015764058,35187.0,13.594164712427425,-445.0,-1.788944723618091,-329.39999999999986,-15.91535005073198,-767.7999999999997,-22.55449151048704,-585.0,-7.289901305951552,-83.40000000000009,-7.624097266660579,-636.2000000000003,-18.4122941568026,-4.0,-2.9940119760479056,-50.30000000000001,-16.40039126181937,1.2999999999999972,1.1274934952298254,-265471.0,-11.214599920327506,-0.1000000000000014,-0.1984126984126977,2.85108102,-1439.7959294979594,-0.7000000000000028,-1.397205588822359,-0.60617422,43.990928977855525,,,,,,,-1.6000000000000003,-28.0701754385965,-0.5,-8.196721311475407,2.299999999999997,2.2885572139303534,2.3,460.0,0.7999999999999972,0.8048289738430636,38150021.30500001,11.8833180654645,11.5,460.0,4.80124938,67.79444806542818,3622107.825999975,1.3371602842463526,-3.1000000000000014,-10.954063604240282,-27.92125453,-95.42982663728256,1.2000000000000028,1.1822660098522286,1.75955867,50.76844283535695,-0.31773399,-21.18226600000001,-0.2000000000000028,-0.1719690455717959,0.4429330599999996,4.197888099575087,-0.43058974,-166.49469924467374,5.700000000000003,5.544747081712065,8.01979837,90.12725792044884,-1.8742706800000004,-25.26305692520677,-473.3210052994481,-202.97953608818497,-111.14609805756731,-160.90782689277714,-484.2013134938261,-252.60505522075965,-115.91700267021972,-195.86895009229,,,,,-75454.50000000003,-126.55827640088052,-42.4597265003277,-119.59999495903402,-87755.58000000002,-143.84500542888165,-58.30680362005799,-130.28982047513728,,,,,-0.13755994328777654,0.19149136533357614,0.018849872242757474,0.0
2026-05-01,104942.77777777778,4.395941891678512,24305.555555555555,-1.4563544160424269,19242.5,2.092544402617436,23588.88888888889,-3.456116416552968,24625.0,-3.123829149494195,-716.6666666666642,-485.2380952380918,209.67078189300165,-231.42857142857247,-447.3376623376644,319.44444444444525,-434.8412698412685,-57.64941077441064,754.2857142857138,-770.7142857142862,,,0.0,0.0,2017232.0,179433.0,105000.0,-1.2425750741819397,-6.000408618711594,4035750.0,297144.0,24270.0,-20.71478204939052,1.060450436355964,1898.3,3143.8,7842.5,1009.1,2704.8,148.9,258.2,118.2,2198656.0,4.612222370249119,50.0,1.01010101,50.1,-0.39761431,,,,4.5,5.4,103.9,3.9,101.0,376782594.189,19.4,4.89829543,271349009.986,27.4,-1.14887744,103.5,6.9214876,0.77896787,114.4,11.28404669,-1.46425495,110.7,20.85152838,2.02764977,267.232197457287,104.51372005667,,-63.407513381272,-19.17722260900231,-118.544864498473,-53.14517024076568,,,191013.49,152020.9,-20710.570000000007,-9.781868909938716,-18561.25,-10.88112091446848,,,-37.90043290042741,8.472443992837553,416.8587518178136,-201.19833790016412,-447.3376623376644,-207.187969924812,-556.8181818181874,-508.60023724791256,335.8730158730177,-43.57944598908475,-7.110769088227933,14.069964785325872,-770.7142857142862,-50.53864168618271,-710.7142857142862,1184.5238095238103,,,,,-25381.0,-1.2425750741819397,-11454.0,-6.000408618711594,3970.0,3.929525883400964,-1054417.0,-20.71478204939052,3118.0,1.060450436355964,-160.0,-0.6549324600900519,158.0,9.078894443486751,507.4000000000001,19.245941435290547,402.6999999999998,5.412779913438537,-1.3999999999999773,-0.1385452746165194,-114.29999999999971,-4.054485474087466,19.30000000000001,14.891975308641992,1.8000000000000114,0.7020280811232515,1.6000000000000083,1.3722126929674117,96936.0,4.612222370249119,-0.2999999999999971,-0.5964214711729587,-1.64296021,-61.926961866337926,0.7000000000000028,1.4170040485830038,1.58651267,-79.9602387343173,,,,,,,0.4000000000000003,9.756097560975618,-0.1999999999999993,-3.5714285714285587,1.1000000000000083,1.070038910505855,1.1,39.2857142857143,0.7999999999999972,0.7984031936127733,17594112.962000012,4.898295430270472,5.399999999999999,38.57142857142857,-6.98502264,-58.78006966449901,-3153699.714999974,-1.148877444027829,2.1999999999999997,8.73015873015872,-2.48603772,-185.9192018476648,0.7999999999999972,0.778967867575453,1.6960777599999997,32.45827240222749,-0.4032981399999999,-34.11230100406929,-1.6999999999999886,-1.464254952627031,0.28978283,2.635763828211424,-1.2922859,751.4642314997959,2.200000000000003,2.027649769585249,3.933424930000001,23.24979830998728,-3.51709731,-63.43115852274366,176.72692817816807,-73.59499413349381,22.89448658640552,-54.41777152449151,173.97330430505102,-59.47435847032936,3.590934887703966,-6.329188229563664,,,,,-4876.429999999993,30.796936240300955,-2.823587468092181,40.57880515023948,8187.290000000008,-30.60836217602907,2.6740640392759243,-19.72724126156064,,,,,-0.07946761087022569,-0.15848293086460086,0.023186276626762113,0.0
2026-06-01,104340.47619047618,-0.5739333378205425,23770.47619047619,-2.201469387755095,16085.47619047619,-16.406515834864543,23680.95238095238,0.3902832918377008,24157.14285714286,-1.899927483683828,-89.52380952380918,627.1428571428551,-87.50830564784053,-716.6666666666642,-485.2380952380918,386.6666666666679,67.22222222222263,21.04347826086963,319.44444444444525,-434.8412698412685,,,,,,,,,,,,,,,,,,,,,,,,,50.3,1.20724346,50.2,-0.59405941,,,,,,,,,,,,,,,,,,,,,,,,,,,,,,,,,,,,,,,,,1112.3809523809468,-229.2443572129544,-297.17908754084215,-141.73605156511385,-485.2380952380918,209.67078189300165,-37.90043290042741,8.472443992837553,502.0634920634912,-115.45902536959314,78.69288903528027,-136.50250363046274,-434.8412698412685,-57.64941077441064,335.8730158730177,-43.57944598908475,,,,,,,,,,,,,,,,,,,,,,,,,,,,,,,,,,,0.2999999999999971,0.6000000000000005,0.1971424499999998,19.51710255195169,0.1000000000000014,0.1996007984031989,-0.1964450999999999,49.405943161351495,,,,,,,,,,,,,,,,,,,,,,,,,,,,,,,,,,,,,,,,,,,,,,,,,,,,,,,,,,,,,,,,,,,,,,,-0.012036684017502908,-0.09503847622864081,0.02698144969635188,0.0
2026-07-01,102837.5,-1.4404536430641324,22600.0,-4.9240754837934215,14762.5,-8.224662887254109,23550.0,-0.5529861250754053,23025.0,-4.686575990538144,950.0,1039.5238095238092,-1161.1702127659617,-89.52380952380918,627.1428571428551,425.0,38.33333333333212,9.913793103447931,386.6666666666679,67.22222222222263,,,,,,,,,,,,,,,,,,,,,,,,,,,,,,,,,,,,,,,,,,,,,,,,,,,,,,,,,,,,,,,,,,,,,412.3809523809541,65.75550493545987,-1073.6619071181212,1226.9257177014215,627.1428571428551,-87.50830564784053,1112.3809523809468,-229.2443572129544,-28.888888888890506,-42.97520661157239,-11.129685157421696,-52.888999715020304,67.22222222222263,21.04347826086963,502.0634920634912,-115.45902536959314,,,,,,,,,,,,,,,,,,,,,,,,,,,,,,,,,,,,,,,,,,,,,,,,,,,,,,,,,,,,,,,,,,,,,,,,,,,,,,,,,,,,,,,,,,,,,,,,,,,,,,,,,,,,,,,,,0.0872470780931911,0.1544795043260765,0.024240201377749345,0.0
2026-08-01,,,,,,,,,,,,,,,,,,,,,,,,,,,,,,,,,,,,,,,,,,,,,,,,,,,,,,,,,,,,,,,,,,,,,,,,,,,,,,,,,,,,,,,,,,,,,,,,,,,,,,,,,,,,,,,,,,,,,,,,,,,,,,,,,,,,,,,,,,,,,,,,,,,,,,,,,,,,,,,,,,,,,,,,,,,,,,,,,,,,,,,,,,,,,,,,,,,,,,,,,,,,,,,,,,,,,,,,,-0.5087974318473032,-0.00145033936143113,0.011170852581582106,0.0
